datetime,account,return,total_turnover,turnover,total_cost,cost,value,cash,bench
2025-07-01,100000.0,0.0,0.0,0.0,0.0,0.0,0.0,100000.0,0.013376236
2025-07-02,99916.05682522139,1.2505552149377764e-17,90626.90934263536,0.9062690934263536,83.94317477861603,0.0008394317477861602,90626.90934263535,9289.147482586031,0.0010650158
2025-07-03,100364.69555537001,0.005450625569610924,148477.30988361101,0.5789900280209289,179.90945877624108,0.000960469088221671,92512.11423569544,7852.58131967458,0.0059895515
2025-07-04,98385.57618315684,-0.018805528491307653,205765.57562218,0.5708009716122114,271.61768920148376,0.0009137498989836355,96386.33645261885,1999.2397305379868,-0.007285297
2025-07-07,96543.22632266185,-0.01783060208270064,257932.96427250368,0.5302341122971894,359.69349009737056,0.0008952105004896539,93791.77483197745,2751.4514906843997,-0.0052679777
2025-07-08,97291.26359181775,0.008637713829340112,309579.19493740523,0.5349544720236731,445.5689820778368,0.0008895030262761007,95554.35715521374,1736.9064366040093,-0.002962768
2025-07-09,98175.82606955834,0.010093517416404048,367484.98244599096,0.5951797249908021,543.0175678652162,0.001001617022842068,96024.35558392492,2151.47048563343,0.0073668957
2025-07-10,100004.14130998266,0.019909258398969936,436389.75240357075,0.7018506766498732,669.3102171920667,0.0012863925304521626,83590.9252263994,16413.21608358327,0.007379651
2025-07-11,99810.899231938,-0.0006249406020333715,514295.86449573183,0.7790288589217085,800.0556469606313,0.001307400154192547,83321.34941268389,16489.549819254105,0.002546072
2025-07-14,98651.13293667698,-0.010793662581242345,567205.8257162356,0.5301020392327387,882.4967739817381,0.0008259731918608632,90576.28487746081,8074.8480592161595,-0.005980313
2025-07-15,99421.6420932574,0.008840884506940209,630518.2801893349,0.6417813215965685,984.1508901732868,0.0010304404335305436,97412.96230887792,2008.679784379472,0.00977087
2025-07-16,99256.17665312889,-0.001073129280786627,665587.2841856858,0.35273008228385755,1042.924055027632,0.0005911506148652825,97321.2741596545,1934.9024934743902,0.009063005
2025-07-17,100866.1958767721,0.016893930657120467,701825.7970906704,0.3651008342949535,1109.7317970532858,0.0006730839760141804,90914.1881004254,9952.007776346692,0.0030542612
2025-07-18,100883.46769054465,0.0010480054297177196,752764.3265700002,0.5050109111040645,1198.1683042345535,0.0008767705217049153,86952.16689932493,13931.30079121972,0.011675119
2025-07-21,101399.42689339927,0.00599338653977654,807461.2927830023,0.5421796798339893,1286.8427187224277,0.0008789786524773199,91571.96735222817,9827.45954117111,-0.0018205643
2025-07-22,99267.7468816188,-0.020077931788570966,865227.5927068287,0.5696905958310386,1382.6319539370356,0.0009446723531811549,90924.77661927031,8342.970262348485,-0.015108466
2025-07-23,101099.1836592689,0.019486216060549746,929282.7749426315,0.6452768824519751,1485.5479398661207,0.0010367515045125075,98801.14710775542,2298.0365515134863,0.014387965
2025-07-24,102261.14822462357,0.012541311496860452,990840.2253325891,0.6088817749253307,1591.4997288606548,0.0010479984621005426,96380.91309094756,5880.235133676002,0.0023611784
2025-07-25,102375.87676374265,0.002092040216913402,1048677.5754423453,0.5655847906451485,1690.7056244552282,0.0009701230361374473,93586.79756153557,8789.079202207087,-0.00040000677
2025-07-28,103394.94399209679,0.011020021987670919,1110411.242427375,0.6030098978052721,1799.8228090446253,0.0010658485967471776,87200.14823349072,16194.795758606071,0.002080083
2025-07-29,102241.57171713303,-0.010054462446421525,1183854.6609410068,0.7103192446165039,1913.614502489984,0.0011005537510040788,98584.35010279459,3657.2216143384385,-0.009031773
2025-07-30,102984.9169657314,0.008313656651613155,1244197.4116654843,0.5901978002785885,2020.2705766691379,0.0010431771772272263,92092.30038924012,10892.616576491288,0.011214852
2025-07-31,104238.99096958656,0.012791678611160404,1282638.0116583898,0.3732643684676345,2083.546532436655,0.0006144196415536509,94956.45030964984,9282.540659936732,0.0034438372
2025-08-01,104253.99099733534,0.00014390035445706843,1282638.0116583898,0.0,2083.546532436655,0.0,94971.45033739861,9282.540659936732,-0.0045933127
2025-08-04,104686.7529684598,0.005346554632579206,1359591.7624537658,0.7381372171866583,2208.1842198438667,0.0011955195788178245,101336.89981398088,3349.853154478911,-0.0023658276
2025-08-05,104032.84591353558,-0.0054190271814667495,1410181.3122053114,0.483246908677999,2294.790914892505,0.0008272937367226527,98361.64975062494,5671.196162910644,0.012047172
2025-08-06,106214.70538888336,0.02211129104708355,1477791.3624269234,0.6498913840904099,2413.231973995306,0.0011384967705414916,93849.00039331162,12365.704995571745,-0.0090120435
2025-08-07,107825.29248008081,0.01626986560415623,1549469.1123023224,0.6748382873441645,2530.7438646600376,0.0011063617813982162,99094.34946038129,8730.943019699522,0.023730159
2025-08-08,109098.04796740289,0.012886126212250347,1621581.1125332676,0.668785575001031,2647.4387051090876,0.0010822585106421822,106060.99970558261,3037.0482618202773,0.0007286072
2025-08-11,110182.55962610409,0.011117519821711481,1698310.5619823954,0.7033072623999062,2775.8267571955175,0.001176813467137292,107580.14948659693,2602.4101395071643,0.0047558546
2025-08-12,110420.72359144245,0.0032737296700187054,1768575.9194085943,0.6377175994516636,2898.3707064237387,0.0011121900747637786,101591.99894442374,8828.724647018711,0.0009471178
2025-08-13,108957.06939626466,-0.01215259975049601,1840876.7691138324,0.6547760905167751,3020.126043634577,0.0011026493329398376,99502.04956321412,9455.019833050541,0.008761406
2025-08-14,109259.69016205177,0.0038446374731654297,1908488.068703281,0.6205315539788784,3136.4057098146295,0.001067206256779507,95992.64967086284,13267.040491188935,-0.0054132342
2025-08-15,111350.02065069383,0.02021986447359935,1975744.8186875212,0.6155678263821387,3255.2913486767206,0.0010881015558964367,90006.51686368883,21343.503787005007,0.0039764643
2025-08-18,114074.96095529085,0.025563787668895624,2040094.4595883146,0.577904166741549,3376.879328921176,0.0010919439397849588,74557.1855691968,39517.77538609406,0.0060834885
2025-08-19,112645.71911622267,-0.011435754178615323,2116301.56007531,0.6680440637351005,3501.5879565695136,0.0010932164833018405,77297.35174842867,35348.36736779399,-0.005269885
2025-08-20,109789.21329247457,-0.024364383404359344,2183370.868415669,0.5954004188224853,3613.550290910193,0.0009939333267086846,75169.59994548334,34619.61334699123,-0.029895544
2025-08-21,111297.52507649313,0.014942267899035494,2273038.3488643346,0.8167239545636835,3745.738344332138,0.0012040167650149804,100966.18068976395,10331.344386729179,0.014251232
2025-08-22,110651.10105025585,-0.004783401306197346,2341425.33884917,0.6144520279119786,3859.7816437419856,0.0010246705785368323,101220.99003258013,9430.111017675717,-0.008248866
2025-08-25,112097.88152748402,0.014089247290530425,2404517.5688978834,0.5701907116139573,3971.991892180344,0.001014090663114094,94177.4503326416,17920.431194842422,0.02158308
2025-08-26,111197.48135350455,-0.0069831870970457795,2478566.4693968147,0.6605735941653463,4089.5915862709135,0.0010490804329940557,102094.35034710672,9103.131006397825,0.0011417866
2025-08-27,110811.57239981549,-0.0024584246208879577,2545932.8692318,0.6058266699478821,4202.129914019796,0.0010120582442970582,102333.77968718274,8477.792712632745,0.0088377
2025-08-28,111272.3764287077,0.005364244514764075,2625450.619197594,0.717594275071638,4335.746254545668,0.0012057977125690044,102495.25052898652,8777.125899721179,-0.011560023
2025-08-29,114404.30172989037,0.02935588767483885,2703497.5100999647,0.7014040088590665,4470.320337116532,0.0012094114180897831,100764.4409850529,13639.860744837468,-0.00013822317
2025-09-01,111676.13642533463,-0.02259286975761664,2787659.309527582,0.7356524025322416,4613.764152977789,0.001253832362002695,95022.92006874084,16653.21635659378,-0.006659031
2025-09-02,109823.80547532065,-0.01566977735074364,2847426.1184334005,0.5351797690975627,4716.154909815497,0.0009168543980402237,90330.78866312749,19493.016812193164,-0.0022827983
2025-09-03,110818.35876711733,0.010223659068608025,2928373.1779039353,0.7370629629905242,4844.4027628156255,0.0011677600538887503,101373.13039106526,9445.228376052066,0.0034775734
2025-09-04,110109.20900165592,-0.005575435422735463,2980745.877238397,0.47259948547444147,4935.691925317439,0.0008237729155839257,96089.36946487427,14019.83953678166,0.003300786
2025-09-05,110626.93877545501,0.005835387306378851,3054993.9274646086,0.6743128108848274,5060.49203204203,0.0011334211539264952,96276.14930152893,14350.789473926081,0.013016224
2025-09-08,111791.33702395827,0.01179504916273705,3143574.3681706106,0.8007131146040132,5200.943965118362,0.0012695997433447436,108289.04035924617,3502.2966647121084,0.0021556616
2025-09-09,110804.69904151773,-0.007515344462870093,3227441.808223597,0.7502141246867127,5347.431541859058,0.0013103660859633654,99575.8494843767,11228.849557141031,0.01253891
2025-09-10,112734.85918473355,0.01859262655206495,3300539.158560922,0.6596954007332855,5477.4217881361255,0.0011731474152405887,91688.24950836707,21046.609676366483,0.013575077
2025-09-11,109419.6736181415,-0.02817849709228239,3387217.6088886433,0.7688699924278554,5615.908452992291,0.0012284280643774408,97589.00061420091,11830.673003940596,0.0009177923
2025-09-12,108224.46719938867,-0.010082731869335018,3446352.0090153823,0.5404366342117712,5707.86564142325,0.000840408176978081,106041.55109252733,2182.9161068613457,0.010268569
2025-09-15,105475.30392208164,-0.02417939031949901,3523572.4076990616,0.7135207100757663,5840.227284196444,0.001223028823319,99530.15015175538,5945.153770326264,-0.004611671
2025-09-16,106125.99829534984,0.007207382897220957,3583053.058408214,0.5639296451147721,5949.73381249544,0.0010382196042771552,87220.90098961713,18905.097305732706,0.010745645
2025-09-17,106369.74163565881,0.0033384846868293227,3654376.0588716995,0.6720596423978318,6060.290492369973,0.0010417492570185545,99573.20054631491,6796.541089343899,-0.007467568
2025-09-18,105700.2009673454,-0.005121756199769764,3727728.8087205878,0.6896016547651168,6185.031276993036,0.0011727092940615473,96650.75041080493,9049.45055654047,0.013016224
2025-09-19,104783.02674896613,-0.007587492083388448,3796665.224900682,0.6521881278294938,6300.2060573200015,0.0010896363419644498,96355.2673659768,8427.759382989323,-0.0074115396
2025-09-22,105204.70088990877,0.00496788275100162,3850842.041169603,0.5170380924261233,6399.0817075612995,0.0009436227727815046,86126.80119646738,19077.899693441384,0.011815906
2025-09-23,104102.09138360918,-0.009406425037588666,3925251.08135069,0.7072786629463688,6512.091081338023,0.0010741855907653996,100762.24083304436,3339.8505505648145,0.0141716
2025-09-24,104060.55678618781,0.0007427250150292408,3996641.240766889,0.6857706552035618,6630.94490614686,0.0011417044867126518,101924.79994385468,2135.7568423331236,-0.0019292831
2025-09-25,102351.16494843678,-0.015606286011639055,4045564.2911828915,0.4701401945842383,6716.337932162233,0.0008206089670539543,95786.45079138814,6564.714157048646,-0.006599307
2025-09-26,99193.02370386072,-0.029922469155381,4100193.1911376873,0.5337398942387923,6811.879600551386,0.0009334692813441381,87430.55142863354,11762.47227522718,-0.017043173
2025-09-30,101685.89943770587,0.025986691041317653,4155111.141350166,0.5536473046374244,6896.702327152559,0.0008551279458362885,99652.89981240444,2032.9996253014183,0.009390712
2025-10-01,101222.63380928349,-0.0035796560288457475,4211197.090973274,0.5515607368695884,6995.96741260415,0.000976193218533731,92287.54940828864,8935.084400994843,0.0062884092
2025-10-02,101690.36161916141,0.0056217801812415815,4273060.180908577,0.6111586668635869,7097.290999368333,0.001000997335784505,96022.49112475498,5667.8704944064375,0.015220761
2025-10-03,101175.47625601925,-0.004069030468561312,4334796.681156652,0.6071027702633571,7198.395182723114,0.000994235655621168,98784.21019304308,2391.2660629761695,0.014506936
2025-10-07,101247.62901564356,0.0016784766463946966,4385538.531606023,0.5015232181459819,7296.063097182393,0.0009653318973476881,82138.18067576858,19109.448339874973,0.016848683
2025-10-08,101458.76688425735,0.0033186872335970534,4462703.331214399,0.7621393247288122,7420.934442414789,0.0012333261178205247,88442.39003780781,13016.37684644954,-0.005448699
2025-10-09,101645.68075721232,0.0029049218449104454,4524041.431226225,0.6045618520260467,7528.750357739571,0.0010626574581551577,82073.2195861431,19572.461171069226,0.00880301
2025-10-13,101010.1741103417,-0.0052494921958810194,4585407.141545744,0.6037217701959737,7630.668796730192,0.0010026834217782504,82800.74195489274,18209.432155448965,-0.013863504
2025-10-14,97561.13808775405,-0.03308865779518214,4652503.581675977,0.6642542765735541,7737.413734348979,0.0010567741176466113,87092.41106927994,10468.7270184741,-0.0048385262
2025-10-15,98393.62346841017,0.009649228162151212,4714785.632291089,0.638389955630592,7846.318034860744,0.0011162672212147388,82028.44985953426,16365.173608875899,0.018010616
2025-10-16,100127.57208402715,0.018757322250811604,4785934.632632411,0.7231058053692379,7957.970322065745,0.0011347512498190242,94022.35025187847,6105.221832148688,0.013644338
2025-10-17,98570.95327991914,-0.014278795364075907,4857339.4827053575,0.7131387347834958,8084.888014084178,0.0012675598676448899,82958.89969491311,15612.053585006028,-0.012496471
2025-10-20,98911.38115249739,0.004654016087380773,4930780.944815158,0.7450619037967843,8203.210943819131,0.0012003833360416261,89795.41199935677,9115.96915314061,0.01414752
2025-10-21,99344.47400830724,0.0054741726776017675,4990677.8943956345,0.6055617552051976,8311.576068218134,0.001095577911625051,79719.71975993262,19624.754248374615,0.002303481
2025-10-22,99164.94839315378,-0.0007731747142591702,5058116.10361212,0.6788320124463744,8414.291048066989,0.0010339274617354789,93414.00025833123,5750.948134822555,-0.003729403
2025-10-23,97594.63547411226,-0.014824289236123575,5119626.432121025,0.6202829679801631,8514.55409004313,0.001011073404471845,95735.47863047846,1859.1568436337984,-0.0042189956
2025-10-27,99782.33562514483,0.023646274032236198,5191129.860866295,0.7326573678758872,8634.603433507624,0.0012300813756954715,97787.6000846618,1994.7355404830287,0.016757488
2025-10-28,97236.82677968897,-0.024424165346622183,5253674.294541286,0.6268086759359253,8743.012014982794,0.0010864506307251846,90592.53378406356,6644.292995625409,-0.0015904307
2025-10-29,97867.93455725964,0.007715400247062486,5322225.354653815,0.7049907157896641,8862.125274771714,0.0012249809432674712,85736.69445436817,12131.240102891461,0.012366414
2025-10-30,97073.93775169442,-0.007092419062294609,5383947.244990014,0.630665095931774,8962.001675695617,0.0010205222106273143,89822.46438592534,7251.473365769075,-0.00025486946
2025-10-31,97346.00557434234,0.00413393817231009,5463185.744214854,0.8162695473168601,9091.23150985588,0.001331251591862061,95015.36226323602,2330.64331110632,-0.0019153357
2025-11-03,97802.50563529477,0.005735849675086763,5522367.194426194,0.6079494465352586,9193.093503348036,0.0010463910962876229,92028.27421714291,5774.231418151866,0.0035858154
2025-11-04,95102.05013210868,-0.02660436927272518,5582635.294273311,0.6162224521307971,9291.575030814964,0.0010069427856395062,92816.80011049281,2285.250021615872,-0.007694781
2025-11-05,95949.14086223661,0.010047874271158835,5647395.794184538,0.6809579795731624,9400.0577433439,0.0011406979384591567,93868.47414949606,2080.6667127405567,-0.014208734
2025-11-06,98257.06638249737,0.025336863433599338,5719167.894414755,0.748022333344986,9523.182501680814,0.0012832293987259042,92543.82399340898,5713.2423890883965,0.006580353
2025-11-07,98188.10481284576,0.0001930358135137732,5771138.8013181845,0.5289279317694703,9611.111204075049,0.0008948842625928134,91479.49819633918,6708.6066165065895,-0.00889045
2025-11-10,99056.70048937612,0.009964721024155358,5830067.681925322,0.6001631329931516,9720.932599895226,0.001118479636912291,77735.43566540809,21321.264823968035,0.007887483
2025-11-11,98390.92088049307,-0.0057789316144800625,5881345.975853948,0.5176660808939989,9814.270310694139,0.000942265493780738,67319.69963258473,31071.221247908335,-0.0030341744
2025-11-12,98434.99149057498,0.0015662028697331876,5953338.075567658,0.731694541218419,9924.29984325095,0.001118289488218681,81670.09922628307,16764.89226429191,0.005835533
2025-11-13,99390.20122780786,0.010812214169912853,6021604.9286764935,0.6935222127323684,10033.39031582771,0.0011082489156023835,89856.8526986595,9533.34852914837,-0.0015575886
2025-11-14,98183.15028504119,-0.011173315477429602,6075867.2136736885,0.5459520589240264,10129.923184910871,0.0009712513697593028,81312.04948282242,16871.100802218778,-0.018136084
2025-11-17,98316.14847303112,0.002654732976775461,6158011.163984177,0.8366399944594503,10257.575043746343,0.0013001401815370408,94961.95002629314,3354.1984467379807,0.0018180609
2025-11-18,95707.67466144574,-0.02569617534607745,6207764.735847142,0.5060569665888883,10339.699864817734,0.0008353136524049109,94135.07272097927,1572.6019404664762,-0.025182486
2025-11-19,93866.65613264726,-0.018227905474624127,6265139.236355145,0.599476486195691,10436.167946691301,0.001007945101736209,91998.42174468821,1868.2343879590471,-0.006577909
2025-11-20,94295.99706285886,0.005743793385504913,6330535.186003813,0.6966898826805242,10545.97769509386,0.001169848303186397,92284.52201799894,2011.4750448599198,0.031837344
2025-11-21,91626.71457351107,-0.02698524827922489,6404703.955467543,0.7865526827643409,10670.659291963348,0.0013222363700802053,89264.99171763782,2361.7228558732386,-0.03614843
2025-11-24,91260.39359833862,-0.0031255051116609897,6452750.255310623,0.5243699947850181,10750.600502371586,0.0008724661882763739,89773.81155784075,1486.582040497878,0.0026215315
2025-11-25,94675.43161910336,0.038224909863925696,6495095.635523848,0.46400610980924095,10823.982801049722,0.000804097985826263,90061.09174966053,4614.339869442838,0.015391111
2025-11-26,94444.97407027568,-0.001501577711565227,6548514.184820627,0.564228209824184,10912.277831925334,0.0009326076402887585,91582.67907586023,2862.2949944154593,0.018481255
2025-11-27,95509.09005320529,0.012137660347351255,6598208.304881363,0.526170085279068,10994.502865775128,0.0008706131232415961,94161.99996199289,1347.0900912123984,0.005289793
2025-11-28,95605.10264733661,0.002065977316283514,6657732.051162669,0.6232259803558734,11095.809885192613,0.0010607055240611136,92318.86662428292,3286.2360230536797,0.0026112795
2025-12-01,95720.95011916888,0.002103919850621996,6708095.75101391,0.5267888267116881,11181.10788664083,0.0008921908882087543,91352.21266746521,4368.737451703673,-0.010278225
2025-12-02,96400.81672080581,0.008306403281264106,6772419.300627863,0.6719902961041685,11296.338099159473,0.0012038139234429477,82270.15951061249,14130.657210193333,0.008109689
2025-12-03,96848.51876604331,0.005513655626321937,6825574.750458872,0.55140040965583,11380.156959416674,0.0008694828851912679,89845.63044548035,7002.888320562962,0.00829947
2025-12-04,98131.10741349713,0.01426774061357951,6883733.720871842,0.6005148158586096,11479.377856526155,0.0010244957628021984,88918.20938372612,9212.898029771004,9.608269e-05
2025-12-05,98200.84363070945,0.0016098930546323714,6938337.1711625215,0.5564336501431316,11567.622227582202,0.0008992497219481098,93455.73996360216,4745.1036671073,0.0066621304
2025-12-08,98778.04803285413,0.006898815080569582,6995933.321127808,0.5865138000431062,11667.887286401718,0.001021020340686367,89173.85950429353,9604.188528560604,0.011539578
2025-12-09,99874.7895681292,0.012072014790209161,7052900.821052709,0.5767222683521063,11763.595807927255,0.0009689250135182287,90077.30985919893,9797.47970893028,-0.0042814016
2025-12-10,99835.27572727342,0.0006272864863977131,7114756.040657461,0.6193276588839042,11865.759754610941,0.0010229202697242751,92167.78020339974,7667.495523873675,0.0077399015
2025-12-11,99618.69521475895,-0.001450997033345098,7154388.940585658,0.3969829265205323,11937.479578221946,0.0007183815849512653,84976.01937267641,14642.67584208253,-0.01323843
2025-12-12,100603.85575399236,0.011111574736535517,7227520.630638816,0.7341161204280023,12059.239616023477,0.0012222609173814106,87185.55014981216,13418.305604180201,0.00618279
2025-12-15,100503.60924561688,0.0001436355246362836,7293393.230514207,0.6547721196339579,12173.936412000614,0.0011400834999565678,81496.1998560681,19007.409389548797,-0.011741281
2025-12-16,99337.88918539014,-0.010387690589282197,7369551.6806885535,0.757768310471576,12295.656076277764,0.0012110974440697401,88373.44989691669,10964.43928847346,-0.011852026
2025-12-17,99202.22731137545,-0.0004993077683327933,7422439.070544431,0.5323989697141236,12381.717770532412,0.0008663531605149598,91778.24037218094,7423.986939194509,-0.00041729212
2025-12-18,97401.86055989681,-0.017133791128866288,7484881.320825765,0.6294440354180809,12482.374279739626,0.001014659770604485,95428.28056573868,1973.5799941581326,-0.0020577908
2025-12-19,99659.871611386,0.024324374513629756,7549642.889882276,0.6648904721556741,12593.602562833714,0.0011419523452089325,94235.24928283691,5424.6223285490905,0.008293867
2025-12-22,101344.66863233906,0.01784320029914569,7601098.900265882,0.5163162419499563,12687.056592829756,0.0009377297851682731,86412.31021308899,14932.358419250068,0.016366482
2025-12-23,102412.22773281747,0.011545248590677383,7663899.000085065,0.6196685101118763,12789.546885051528,0.0010113042314400242,91286.85973930359,11125.367993513884,0.0057133436
2025-12-24,103141.7055521923,0.00828944589153129,7737255.950667569,0.7162909371904759,12909.009686099063,0.0011664896242585502,96804.85018157959,6336.855370612708,0.0021727085
2025-12-26,103814.451028091,0.007636282967468661,7802630.550642297,0.6338328382755515,13023.883459544237,0.0011137470805836572,90539.66911420773,13274.78191388327,0.0064866543
2025-12-29,100854.98666751257,-0.02735706672595148,7869294.330662057,0.6421435489912832,13143.288956229166,0.0011501818436878233,77485.8296812377,23369.156986274877,0.008925319
2025-12-30,101721.19568081373,0.009805273932924213,7943054.22080259,0.7313459906915342,13265.99071470438,0.0012166156828687439,79725.75028348893,21995.445397324802,-0.0036014318
2025-12-31,101305.90956082933,-0.002836677817520823,8023970.94005613,0.7954755025436872,13392.726575329325,0.0012459139884928609,91304.92005586774,10000.989504961582,0.008934021
2026-01-02,102677.91576428503,0.01474257154104818,8095416.490088743,0.7052456302138351,13514.229991105103,0.0011993714513053283,90474.67963027954,12203.236134005496,0.0133343935
2026-01-05,101521.60334487421,-0.010080444971655446,8165954.940157492,0.6869875527146636,13635.503330849779,0.0011811044160954674,85395.29012802884,16126.313216845378,0.025731921
2026-01-06,102484.99189096877,0.010654082746940843,8239639.099439986,0.7257978287851246,13753.734347393614,0.0011645897291653162,93519.65029525757,8965.341595711197,0.015653968
2026-01-07,103655.68597871815,0.012384836056734879,8295065.059294112,0.5408202589613538,13852.30008248969,0.000961757748890073,87244.95026397705,16410.7357147411,-0.0046058297
2026-01-08,102120.65687271586,-0.013649041266912394,8367632.90936888,0.7000855707005517,13972.52845301834,0.0011598820594688304,87714.80040740967,14405.856465306193,-0.0024616122
2026-01-09,100917.42542769325,-0.010670225736552604,8434750.489717849,0.6572380398279702,14086.10943684404,0.001112223396362103,85191.63025856018,15725.795169133069,-0.0023579597
2026-01-12,103288.12499460657,0.024610314441583396,8500118.744575078,0.6477400169514337,14199.019442341298,0.0011188355729324093,83226.61544053396,20061.50955407261,0.009189129
2026-01-13,102385.66298122593,-0.007658536925295242,8565126.94405204,0.6293869646714708,14310.445536506224,0.001078789010554163,79160.77979908792,23224.883182138015,0.004577875
2026-01-14,104414.50232963852,0.020713056045664334,8609187.594041169,0.43034003693668854,14402.326163696272,0.0008973973944662181,57249.549580331724,47164.952749306794,0.0076385736
2026-01-15,103893.39500536468,-0.00370206791103556,8699249.154559337,0.8625388093489341,14536.883909448805,0.0012886882832399188,78740.26008987427,25153.13491549042,-0.004240215
2026-01-16,101288.25868145717,-0.024208471905626014,8758609.305085383,0.5713563458291223,14626.919899188842,0.0008666189966685416,88847.1098613739,12441.148820083272,0.019412756
2026-01-19,104887.77485463381,0.03666021482874035,8821609.305057727,0.6219871956775662,14740.653048903445,0.0011228660774224913,81721.1595029831,23166.61535165071,0.0073416233
2026-01-20,105352.4288411521,0.005707246147227128,8902908.784521515,0.7751092019681266,14874.619411315494,0.0012772352411681556,85402.29990407934,19950.128937072757,0.0038149357
2026-01-21,100675.43273737075,-0.04324580197020044,8977566.683704788,0.7086490554084969,14995.565240352746,0.0011480117769245794,86445.54892094596,14229.883816424786,-0.016171932
2026-01-22,99589.14386078465,-0.009649810190725343,9048419.083107406,0.7037704976888366,15110.35530015408,0.0011401993185446194,90775.74970056623,8813.394160218413,0.015992641
2026-01-23,98365.17659737762,-0.011420918047672684,9099290.783681804,0.5108157235040742,15196.923113089204,0.0008692494942635159,87912.85045370381,10452.326143673814,0.006785989
2026-01-26,100881.91151621028,0.026820971740329862,9172658.883719536,0.745874735100991,15318.437816007363,0.0012353427007561382,92509.19976890941,8372.711747300864,0.0032229424
2026-01-27,99445.79054188414,-0.01309253702190682,9233899.03324248,0.6070478701536585,15433.758628966794,0.0011431267630263027,74299.0498454159,25146.740696468238,0.007902861
2026-01-28,100732.66021596208,0.01444506337457256,9329463.48410984,0.9609702969489612,15583.389701600838,0.0015046496369398611,89814.00143527985,10918.658780682232,0.015035033
2026-01-29,97938.68366518372,-0.026533520640633957,9399917.283742866,0.6994136706206239,15704.574133353,0.0012030301939048747,83026.20915985107,14912.474505332651,-0.008156061
2026-01-30,98213.14217614169,0.003986788106371901,9473083.673295459,0.7470632319576824,15820.576401585111,0.0011844376898987078,92273.85961294174,5939.282563199939,-0.0145228505
2026-02-02,95582.46984366697,-0.025505139411379444,9545741.993502578,0.739802419484848,15946.308850827701,0.001280199843490334,84516.99973583221,11065.470107834764,-0.013713956
2026-02-03,98238.69908852587,0.02907876394932638,9619957.463220557,0.7764548231424127,16069.4996842464,0.001288843379127867,88913.550075531,9325.149012994862,0.018066287
2026-02-04,100070.43601373743,0.019747815730957033,9685987.262958487,0.6721363408775277,16177.762486283986,0.0011020382297614322,94079.74950027466,5990.686513462767,0.0029337406
2026-02-05,97676.95100424405,-0.023093234416259836,9734445.263044318,0.48423892226449866,16260.297458774796,0.0008247687906494172,90025.7996673584,7651.15133688566,-0.015129864
2026-02-06,94029.72026228787,-0.03634582514234406,9794786.812917886,0.6177665176193541,16357.378819093417,0.0009939024439286953,91897.20049498195,2132.5197673059156,-0.00057703257
2026-02-09,94245.27642458297,0.003362230999200372,9853826.76246014,0.6278860489807618,16457.972297110315,0.0010698051396547854,90043.00000637506,4202.276418207914,0.019560814
2026-02-10,93149.02015135901,-0.010618030259086315,9909596.912433056,0.5917553864627272,16553.5293734821,0.0010139189994126758,86279.15083660724,6869.869314751782,0.020625114
2026-02-11,94113.67996042776,0.011273869989317663,9956523.912433056,0.5037841506410666,16639.019507232104,0.0009177781324064499,78224.30077942598,15889.379181001785,0.016108036
2026-02-23,97413.87163692253,0.03630556341534818,10026808.013271283,0.7468000493422395,16755.67800679243,0.0012395488053317848,83181.45024847984,14232.421388442684,0.0049858093
2026-02-24,100393.64211785255,0.031487809153738625,10070898.61310954,0.4526111024781946,16843.25692489262,0.0008990394964139212,68019.39948576689,32374.242632085654,0.02746427
2026-02-25,100546.7375445629,0.0025977829138300553,10136321.512937497,0.6516637751936215,16950.962386333194,0.0010728314977769134,70893.09956863523,29653.637975927668,0.020525455
2026-02-26,100876.8542180717,0.004365138283179226,10201544.012469303,0.6486784268151766,17059.746126128935,0.0010819221235052743,72059.30004119873,28817.55417687298,4.005432e-05
2026-03-02,100675.40530814987,-0.0011142266295659587,10248988.312451031,0.47031898793319754,17148.79535877415,0.000882751879362849,59252.60062946292,41422.80467868696,-0.009018838
2026-03-03,98704.24824716657,-0.018337156274580928,10330628.71265855,0.8109269583532591,17273.85177961513,0.001242174495927834,73130.89999847587,25573.348248690698,-0.021981478
2026-03-04,96132.39971797896,-0.025071363340456485,10393637.412560988,0.6383585410088605,17371.050237751417,0.000984744424504293,81882.75002765656,14249.649690322398,-0.04354924
2026-03-05,97973.24132132028,0.02012224920259889,10447269.612443019,0.5578993142725016,17464.608737979113,0.000973225473432128,78940.44989728928,19032.791424031006,0.02571094
2026-03-06,98810.61075081269,0.009775118221899238,10523676.562021507,0.7798756940979259,17584.939324985276,0.0012281984895397922,90226.89954682688,8583.71120398581,-0.002179861
2026-03-09,92310.26275803545,-0.0653274962085073,10546009.59179425,0.22601853791861012,17630.237518578513,0.0004584345066692555,73288.57983207703,19021.68292595842,-0.04431963
2026-03-10,92429.26787507805,0.00245259787024561,10615079.191877602,0.7482331651941783,17737.632355378082,0.0011634116683328418,84692.42023944855,7736.847635629494,0.020599246
2026-03-11,93079.1116406148,0.007903989804076394,10659275.12191224,0.47815947319165253,17818.348580724185,0.0008732756106560767,76579.2500629425,16499.861577672305,0.040959477
2026-03-12,92599.56985651489,-0.003977793989072282,10723592.372128086,0.6909955314590948,17927.640834031874,0.0011741866825037421,74235.0503543206,18364.5195021943,-0.015604436
2026-03-13,93084.74076804791,0.006308876269928258,10779171.122293072,0.600205273643346,18026.66915137219,0.0010694252413241396,66999.99974817957,26084.741019868332,-0.0054058433
2026-03-16,94102.90006673339,0.012041180394037346,10838646.622439938,0.6389393111709808,18129.360008206975,0.0011031975379366982,64127.45028555105,29975.44978118234,-0.0017307997
2026-03-17,94273.270402641,0.0026986394783272676,10886878.272130566,0.5125415864593378,18212.93947344453,0.000888170982810143,60739.85016184577,33533.42024079525,0.014817715
2026-03-18,95328.93865369451,0.01237041914078922,10956252.272127496,0.7358819705801454,18323.471091044656,0.001172459777071961,69581.44989013672,25747.488763557787,0.015131831
2026-03-19,96248.02750270256,0.01053352914964876,11004800.67196499,0.509272425804065,18408.53239615037,0.0008922925850954988,65676.20020675659,30571.82729594597,-0.019182682
2026-03-20,95513.62396141859,-0.006550263640144528,11076003.571918832,0.7397855499100264,18512.48598244776,0.0010800593944065079,85579.44991874695,9934.174042671646,-0.004327774
2026-03-23,91591.83086304102,-0.040225569612274754,11127152.472104417,0.5355141817909235,18592.189151244656,0.0008344691101773148,89784.26017475128,1807.5706882897284,-0.02448672
2026-03-24,88245.55774212428,-0.03564411619456718,11175968.271896707,0.5329711103306245,18673.752410406018,0.000890508011389403,86871.85063362122,1373.7071085030684,-0.0033695102
2026-03-25,89239.50540859313,0.012159805026812938,11221917.621733056,0.520698729908026,18752.853520563756,0.0008963749811508028,85173.54941749573,4065.9559910974026,0.025354624
2026-03-26,86802.56646615172,-0.026203080169980783,11276810.121567117,0.6151143440646514,18851.442548454368,0.0011047688738211937,74067.89944458008,12734.667021571648,-0.003035009
2026-03-27,87040.17216561719,0.0038409062091500547,11332571.921346528,0.6423980539925104,18947.237365498906,0.001103594293861031,71302.49974202814,15737.672423589045,-0.006750047
2026-03-30,86034.75867437014,-0.01039749480891451,11393058.3213976,0.6949250966091921,19047.651118486923,0.0011536483728105825,71699.60013389587,14335.158540474265,-0.017951787
2026-03-31,83546.7998999539,-0.027620235877555875,11461167.170677004,0.7916434046986337,19159.309564648465,0.0012978294805725454,72668.6497297287,10878.150170225204,-0.024453104
2026-04-01,86406.2891484713,0.03557766301481838,11530846.220752535,0.8340121962656939,19272.22020893808,0.0013514658182578428,80826.20082187653,5580.088326594778,0.045765877
2026-04-02,85511.50824191651,-0.009146340335799186,11592027.520568667,0.7080653551850168,19376.699787787482,0.001209166368316948,77469.9994506836,8041.5087912329145,-0.018158078
2026-04-07,85815.83282214543,0.00460113692540766,11645424.77061247,0.6244451903799921,19465.82536567775,0.0010422641317251236,78372.19960301582,7443.633219129613,0.020182371
2026-04-08,89377.69800828687,0.04264597723774968,11697500.470510237,0.6068309096958107,19563.660232708055,0.001140056138976941,67974.59955395368,21403.098454333187,0.046089888
2026-04-09,91006.2784739543,0.01957919736671345,11770885.663270872,0.8210682798502047,19685.023356527385,0.0013578680870487147,71922.95053768158,19083.327936272715,0.0028704405
2026-04-10,91938.83850040198,0.011450300860514464,11837373.563218039,0.730585856954859,19794.51259880224,0.0012030954799035288,75579.79982185364,16359.038678548339,0.015968084
2026-04-13,94137.82762762911,0.025076456675024516,11897071.212967794,0.6493191639515312,19901.023771982513,0.0011585003130076092,69294.64973926544,24843.177888363676,0.0
2026-04-14,94600.52480916232,0.005120155062052244,11908615.712967794,0.1226340174925784,19920.326865107512,0.00020505139763108565,69841.15001392365,24759.374795238677,0.0
