variant_index,variant_slug,backtest_experiment,backtest_recorder_id,ranking_metric,ranking_value,strategy_params.topk,strategy_params.n_drop,strategy_params.strategy,strategy_params.deal_price,strategy_params.rebalance,strategy_params.limit_tplus,strategy_params.risk_degree,strategy_params.settlement_lag,summary_metrics.Strategy cumulative return,summary_metrics.Benchmark cumulative return,summary_metrics.Trading days,summary_metrics.risk.excess_return_without_cost.mean,summary_metrics.risk.excess_return_without_cost.std,summary_metrics.risk.excess_return_without_cost.annualized_return,summary_metrics.risk.excess_return_without_cost.information_ratio,summary_metrics.risk.excess_return_without_cost.max_drawdown,summary_metrics.risk.excess_return_with_cost.mean,summary_metrics.risk.excess_return_with_cost.std,summary_metrics.risk.excess_return_with_cost.annualized_return,summary_metrics.risk.excess_return_with_cost.information_ratio,summary_metrics.risk.excess_return_with_cost.max_drawdown,summary_metrics.indicator_summary.ffr,summary_metrics.indicator_summary.pa,summary_metrics.indicator_summary.pos,summary_metrics.indicator_daily_mean.ffr,summary_metrics.indicator_daily_mean.pa,summary_metrics.indicator_daily_mean.pos,summary_metrics.indicator_daily_mean.deal_amount,summary_metrics.indicator_daily_mean.value,summary_metrics.indicator_daily_mean.count
53,equal_topk15_ndrop1_risk0p95_day_open_tplus,execution_grid_alpha158_adj_xgb_1m_tplus_adjpx_20260413,6d9e483ddf1f4cbd8f1442f659d2c476,risk.excess_return_with_cost.annualized_return,-0.2347078980927011,15,1,equal,open,day,True,0.95,2,0.37465156146349,0.5931557416915894,188,-0.0007603783988716432,0.01245375116575374,-0.18097005893145107,-0.9419287770370471,-0.25114121611465184,-0.0009861676390449626,0.01244327717200926,-0.2347078980927011,-1.2226564705399423,-0.2827632329234011,0.852138382089511,0.0,0.0,0.8429821962848908,0.0,0.0,3118.3439153439153,109570.41225690172,1.8941798941798942
75,bucket_topk20_ndrop1_risk0p98_day_open_tplus,execution_grid_alpha158_adj_xgb_1m_tplus_adjpx_20260413,a7f1f1a7e4fa42938f7b5f76649c9f37,risk.excess_return_with_cost.annualized_return,-0.3473797896462393,20,1,bucket,open,day,True,0.98,2,0.2502183848223831,0.5931557416915894,188,-0.0012599359712799623,0.0112649772990829,-0.299864761164631,-1.725466901427476,-0.35364756918256346,-0.0014595789480934423,0.011258507515682583,-0.3473797896462393,-2.000024184571574,-0.3821580921688308,0.9445983379501385,0.0,0.0,0.8956043956043956,0.0,0.0,2549.100529100529,92858.2100495754,1.91005291005291
52,equal_topk15_ndrop1_risk0p9_day_open_tplus,execution_grid_alpha158_adj_xgb_1m_tplus_adjpx_20260413,033f332d21b34204ad94567e756d5121,risk.excess_return_with_cost.annualized_return,-0.36013278519185254,15,1,equal,open,day,True,0.9,2,0.2474311673364331,0.5931557416915894,188,-0.001279082260104153,0.012214567828889107,-0.3044215779047884,-1.6155070166363446,-0.32618880585519705,-0.001513162962990977,0.012202497716857082,-0.36013278519185254,-1.9130461463810546,-0.36239031059376753,0.8612766310640436,0.0,0.0,0.8536683505257806,0.0,0.0,3157.0793650793653,110042.41411321334,1.8994708994708995
74,bucket_topk20_ndrop1_risk0p95_day_open_tplus,execution_grid_alpha158_adj_xgb_1m_tplus_adjpx_20260413,1f5cf659cd3a4cf58806ed886144bb57,risk.excess_return_with_cost.annualized_return,-0.37233379099416036,20,1,bucket,open,day,True,0.95,2,0.22695944876148322,0.5931557416915894,188,-0.0013641566618390357,0.011129562418037408,-0.3246692855176905,-1.890926452368996,-0.36555177073855566,-0.0015644276932527746,0.011123761193139623,-0.37233379099416036,-2.1696631700036417,-0.39421824770876024,0.9445983379501385,0.0,0.0,0.8956043956043956,0.0,0.0,2551.2804232804233,92376.77291459133,1.91005291005291
54,equal_topk15_ndrop1_risk0p98_day_open_tplus,execution_grid_alpha158_adj_xgb_1m_tplus_adjpx_20260413,89dc6a42cd024527a42fae86c40eac39,risk.excess_return_with_cost.annualized_return,-0.38208933467482387,15,1,equal,open,day,True,0.98,2,0.22685403339054666,0.5931557416915894,188,-0.0013638814883442437,0.012184492408879236,-0.32460379422593,-1.7268621542500713,-0.3692288919227096,-0.0016054173725832935,0.01218505080559154,-0.38208933467482387,-2.0325867607555397,-0.40452106454548376,0.8363189158687325,0.0,0.0,0.8395968153054775,0.0,0.0,3328.4391534391534,117267.20512533895,1.947089947089947
73,bucket_topk20_ndrop1_risk0p9_day_open_tplus,execution_grid_alpha158_adj_xgb_1m_tplus_adjpx_20260413,1fdf6198e3d44ecb8e4620f0d4f3293a,risk.excess_return_with_cost.annualized_return,-0.4095999930402126,20,1,bucket,open,day,True,0.9,2,0.1929012062906632,0.5931557416915894,188,-0.001519707442254704,0.010963994319797735,-0.3616903712566195,-2.1383543130641702,-0.3818348600110405,-0.0017210083741185404,0.010959178328178353,-0.4095999930402126,-2.4226655749632178,-0.4107858723063962,0.9445983379501385,0.0,0.0,0.8956043956043956,0.0,0.0,2554.068783068783,91693.83792951169,1.91005291005291
6,equal_topk8_ndrop1_risk0p98_day_open_tplus,execution_grid_alpha158_adj_xgb_1m_tplus_adjpx_20260413,f742361494084460883f7322613bbd20,risk.excess_return_with_cost.annualized_return,-0.41322206605042217,8,1,equal,open,day,True,0.98,2,0.22392388248819306,0.5931557416915894,188,-0.0013464291397761172,0.013745856669474641,-0.3204501352667159,-1.5111242310125064,-0.3775075264396371,-0.0017362271682790848,0.013715564227309632,-0.41322206605042217,-1.9529060374670593,-0.43077398831063995,0.8246748295873914,0.0,0.0,0.8290911187931874,0.0,0.0,5087.396825396825,183562.35324921613,1.873015873015873
84,equal_topk20_ndrop2_risk0p98_day_open_tplus,execution_grid_alpha158_adj_xgb_1m_tplus_adjpx_20260413,b1f7a410103f446eb1189eca7841d17e,risk.excess_return_with_cost.annualized_return,-0.4344512496646714,20,2,equal,open,day,True,0.98,2,0.20073006494694812,0.5931557416915894,188,-0.0014831622641008485,0.011546015715822448,-0.35299261885600197,-1.9817323617127236,-0.3128256907568981,-0.0018254254187591236,0.011523034796715166,-0.4344512496646714,-2.443912759985846,-0.3617736424630406,0.8501333940161107,0.0,0.0,0.8476476212628693,0.0,0.0,3832.5661375661375,150521.74607423384,3.7037037037037037
29,equal_topk10_ndrop1_risk0p95_day_open_tplus,execution_grid_alpha158_adj_xgb_1m_tplus_adjpx_20260413,0616c19933604c08b83b587d1843425b,risk.excess_return_with_cost.annualized_return,-0.45527100634031653,10,1,equal,open,day,True,0.95,2,0.1707758640628021,0.5931557416915894,188,-0.0015978976060975598,0.013065963302089815,-0.3802996302512192,-1.8866702032977831,-0.42641633910858356,-0.0019129033879845233,0.0130408751582738,-0.45527100634031653,-2.262949057892808,-0.4704372676967858,0.8410875298583907,0.0,0.0,0.8372076613418364,0.0,0.0,3909.6984126984125,146775.86957168416,1.8835978835978835
78,equal_topk20_ndrop1_risk0p98_day_open_tplus,execution_grid_alpha158_adj_xgb_1m_tplus_adjpx_20260413,ea67baa2596c4521b72a8249360a62a1,risk.excess_return_with_cost.annualized_return,-0.4587202272133395,20,1,equal,open,day,True,0.98,2,0.14670535767496728,0.5931557416915894,188,-0.0017348919161759649,0.010667960330248359,-0.4129042760498796,-2.508877807196643,-0.3764756886445062,-0.0019273959126610903,0.01066205103311794,-0.4587202272133395,-2.788808254854396,-0.4037609428835698,0.8447402243119287,0.0,0.0,0.8395807349006361,0.0,0.0,2534.931216931217,87355.55783403125,1.9523809523809523
76,equal_topk20_ndrop1_risk0p9_day_open_tplus,execution_grid_alpha158_adj_xgb_1m_tplus_adjpx_20260413,b389a48e19fd4f6788135a384ccc17b3,risk.excess_return_with_cost.annualized_return,-0.46599978817991805,20,1,equal,open,day,True,0.9,2,0.14005125119891715,0.5931557416915894,188,-0.0017706379823754987,0.010778959408826465,-0.42141183980536867,-2.5342031020835614,-0.38017810490754944,-0.0019579823032769665,0.0107679754506641,-0.46599978817991805,-2.805195825870066,-0.4064649401116816,0.8773693003502724,0.0,0.0,0.8740300782535806,0.0,0.0,2482.746031746032,84190.19089699177,1.9417989417989419
28,equal_topk10_ndrop1_risk0p9_day_open_tplus,execution_grid_alpha158_adj_xgb_1m_tplus_adjpx_20260413,45625df2b5f449b79291cec18faaabf2,risk.excess_return_with_cost.annualized_return,-0.46627507949541647,10,1,equal,open,day,True,0.9,2,0.16098773007745626,0.5931557416915894,188,-0.0016431181259144616,0.01288392709965081,-0.39106211396764184,-1.96747401978762,-0.4236720009831102,-0.00195913898947654,0.012858662273765734,-0.46627507949541647,-2.3504874480228284,-0.4679431347648562,0.8562896701700989,0.0,0.0,0.8500320575283787,0.0,0.0,3959.05291005291,145378.62403473072,1.8835978835978835
77,equal_topk20_ndrop1_risk0p95_day_open_tplus,execution_grid_alpha158_adj_xgb_1m_tplus_adjpx_20260413,096a2ce168374759b3531e819f7725dd,risk.excess_return_with_cost.annualized_return,-0.47297583866988774,20,1,equal,open,day,True,0.95,2,0.13425773842563116,0.5931557416915894,188,-0.0017950668077259461,0.010584583691038079,-0.42722590023877516,-2.6163468249315702,-0.3830215013762393,-0.0019872934397894442,0.010580944073011427,-0.47297583866988774,-2.8975174394695804,-0.4102666634679256,0.8514617051435868,0.0,0.0,0.8451647490233632,0.0,0.0,2525.121693121693,86606.73504946548,1.9523809523809523
51,bucket_topk15_ndrop1_risk0p98_day_open_tplus,execution_grid_alpha158_adj_xgb_1m_tplus_adjpx_20260413,922180282d8e4f72bf7ff7746bd1dffd,risk.excess_return_with_cost.annualized_return,-0.4820373482892681,15,1,bucket,open,day,True,0.98,2,0.13703170474478554,0.5931557416915894,188,-0.0017720941922962073,0.012589882066176242,-0.4217584177664973,-2.171468925592125,-0.47818778852118193,-0.0020253670096187734,0.012581128515477626,-0.4820373482892681,-2.4835483054474863,-0.5155741831881091,0.9375,0.0,0.0,0.8839779005524862,0.0,0.0,3226.074074074074,119173.20697585489,1.8624338624338623
49,bucket_topk15_ndrop1_risk0p9_day_open_tplus,execution_grid_alpha158_adj_xgb_1m_tplus_adjpx_20260413,82055a96a50b4267be45d6b85747f6b6,risk.excess_return_with_cost.annualized_return,-0.48223727229645824,15,1,bucket,open,day,True,0.9,2,0.13902881607451256,0.5931557416915894,188,-0.0017688093712480552,0.012249115608021282,-0.42097663035703714,-2.2277413983029204,-0.46403219361943626,-0.002026207026455707,0.012239004484387696,-0.48223727229645824,-2.5540312199161814,-0.5018496446718894,0.9375,0.0,0.0,0.8839779005524862,0.0,0.0,3284.7248677248676,120109.19927455124,1.8624338624338623
59,equal_topk15_ndrop2_risk0p95_day_open_tplus,execution_grid_alpha158_adj_xgb_1m_tplus_adjpx_20260413,10aeff645b72437e9502c49d73813d9e,risk.excess_return_with_cost.annualized_return,-0.4851345577319067,15,2,equal,open,day,True,0.95,2,0.1689587801297221,0.5931557416915894,188,-0.0016194383820321407,0.01170193736215463,-0.38542633492364947,-2.134986521638432,-0.4138056632491353,-0.002038380494671877,0.011689556316049416,-0.4851345577319067,-2.6901451025468077,-0.4706155087838054,0.8651981476282365,0.0,0.0,0.8596574072331535,0.0,0.0,5357.857142857143,185308.73320848192,3.634920634920635
50,bucket_topk15_ndrop1_risk0p95_day_open_tplus,execution_grid_alpha158_adj_xgb_1m_tplus_adjpx_20260413,098d0716412b410dbd171256d4d36e3a,risk.excess_return_with_cost.annualized_return,-0.4855634856875862,15,1,bucket,open,day,True,0.95,2,0.1348131893976372,0.5931557416915894,188,-0.0017849173349923147,0.012452778876094013,-0.4248103257281709,-2.2112625437285516,-0.4747046478221472,-0.0020401827129730515,0.01244314183950111,-0.4855634856875862,-2.529458102329891,-0.5123311886232069,0.9375,0.0,0.0,0.8839779005524862,0.0,0.0,3251.978835978836,119580.67585343678,1.8624338624338623
27,bucket_topk10_ndrop1_risk0p98_day_open_tplus,execution_grid_alpha158_adj_xgb_1m_tplus_adjpx_20260413,7158d995f8054ad6a5b063cabd5f6325,risk.excess_return_with_cost.annualized_return,-0.4882887509077015,10,1,bucket,open,day,True,0.98,2,0.1420172531581365,0.5931557416915894,188,-0.0017129344299700656,0.014800400144683154,-0.4076783943328756,-1.7854831669079496,-0.5039557858196728,-0.0020516334071752165,0.0147727323727053,-0.4882887509077015,-2.1425324613055685,-0.5534895253657175,0.9246376811594202,0.0,0.0,0.8626373626373627,0.0,0.0,4748.820105820106,160528.5868135533,1.8253968253968254
26,bucket_topk10_ndrop1_risk0p95_day_open_tplus,execution_grid_alpha158_adj_xgb_1m_tplus_adjpx_20260413,5859760c351a47f08a2f35ce6363650e,risk.excess_return_with_cost.annualized_return,-0.5021779588508106,10,1,bucket,open,day,True,0.95,2,0.13022848793273467,0.5931557416915894,188,-0.0017718209529283752,0.014553854067786835,-0.4216933867969533,-1.8781500916937173,-0.5024355294143328,-0.0021099914237429017,0.014526890544688063,-0.5021779588508106,-2.2407659905715276,-0.5519678160591517,0.9246376811594202,0.0,0.0,0.8626373626373627,0.0,0.0,4689.677248677249,158513.07151337925,1.8253968253968254
58,equal_topk15_ndrop2_risk0p9_day_open_tplus,execution_grid_alpha158_adj_xgb_1m_tplus_adjpx_20260413,6bc8157603df44399ed5298aac845822,risk.excess_return_with_cost.annualized_return,-0.5042479619237106,15,2,equal,open,day,True,0.9,2,0.1457008074194719,0.5931557416915894,188,-0.0017210113362625637,0.011722856737508853,-0.40960069803049015,-2.2648463900732616,-0.4163448190728262,-0.0021186889156458426,0.011705819465454013,-0.5042479619237106,-2.7922471167195813,-0.47128413611247544,0.862251257292782,0.0,0.0,0.8580388031256461,0.0,0.0,4863.179894179894,175802.80588481494,3.5978835978835977
25,bucket_topk10_ndrop1_risk0p9_day_open_tplus,execution_grid_alpha158_adj_xgb_1m_tplus_adjpx_20260413,19c621e66ead4c83984d082917d0dc05,risk.excess_return_with_cost.annualized_return,-0.5202811570060516,10,1,bucket,open,day,True,0.9,2,0.11514794405033157,0.5931557416915894,188,-0.0018488173048432663,0.014185096546429216,-0.44001851855269736,-2.01071343592345,-0.49745331539204574,-0.002186055281538032,0.014159456648689714,-0.5202811570060516,-2.3817876040925565,-0.5469433799747178,0.9246376811594202,0.0,0.0,0.8626373626373627,0.0,0.0,4597.0,155384.26618846788,1.8253968253968254
30,equal_topk10_ndrop1_risk0p98_day_open_tplus,execution_grid_alpha158_adj_xgb_1m_tplus_adjpx_20260413,1cf3d2d4c58247979eccba16fde0ed97,risk.excess_return_with_cost.annualized_return,-0.5209113142284213,10,1,equal,open,day,True,0.98,2,0.11929900158675344,0.5931557416915894,188,-0.0018469927460449407,0.012611936788951816,-0.4395842735586959,-2.2592894945789004,-0.4625948899571696,-0.0021887030009597533,0.012583473307470259,-0.5209113142284213,-2.6833342851600617,-0.5114140197629863,0.8295483574203726,0.0,0.0,0.822494970144612,0.0,0.0,4458.084656084656,156550.30793814163,1.8677248677248677
5,equal_topk8_ndrop1_risk0p95_day_open_tplus,execution_grid_alpha158_adj_xgb_1m_tplus_adjpx_20260413,fcdaf06908964680b8217101e9ed7f1a,risk.excess_return_with_cost.annualized_return,-0.525134689978078,8,1,equal,open,day,True,0.95,2,0.12179842174382172,0.5931557416915894,188,-0.0018184368794074742,0.014485955836392233,-0.4327879772989789,-1.936598327112363,-0.4941991488807947,-0.002206448277218815,0.014443516534116576,-0.525134689978078,-2.356727051934804,-0.5536642849543486,0.8410667618898292,0.0,0.0,0.8358364640288571,0.0,0.0,5061.476190476191,178033.65748208962,1.8412698412698412
82,equal_topk20_ndrop2_risk0p9_day_open_tplus,execution_grid_alpha158_adj_xgb_1m_tplus_adjpx_20260413,dd6afc9c615a495c895d285cb2de6b51,risk.excess_return_with_cost.annualized_return,-0.5394900409390939,20,2,equal,open,day,True,0.9,2,0.10366407458637816,0.5931557416915894,188,-0.0019278153978870085,0.011631176611594008,-0.458820064697108,-2.556997321153665,-0.4063316052483934,-0.0022667648778953524,0.011594050454018415,-0.5394900409390939,-3.016197443188001,-0.4564329361718446,0.8563622972131579,0.0,0.0,0.8525977848267813,0.0,0.0,3643.2380952380954,140991.2173789414,3.687830687830688
83,equal_topk20_ndrop2_risk0p95_day_open_tplus,execution_grid_alpha158_adj_xgb_1m_tplus_adjpx_20260413,f966bb913fff4f608dcf716ec1fa07cc,risk.excess_return_with_cost.annualized_return,-0.5613462378501004,20,2,equal,open,day,True,0.95,2,0.08420461977723726,0.5931557416915894,188,-0.0020235615190241493,0.010731557833161242,-0.48160764152774754,-2.9089892761403657,-0.39838453017836983,-0.002358597638025632,0.010723169136090945,-0.5613462378501004,-3.3932759705502415,-0.4552849551849303,0.8534371242271871,0.0,0.0,0.8508300849014977,0.0,0.0,3652.904761904762,139776.73229519988,3.7195767195767195
81,bucket_topk20_ndrop2_risk0p98_day_open_tplus,execution_grid_alpha158_adj_xgb_1m_tplus_adjpx_20260413,2988f46609ca4d9cab057a3662450679,risk.excess_return_with_cost.annualized_return,-0.5729143546884332,20,2,bucket,open,day,True,0.98,2,0.07385132780453807,0.5931557416915894,188,-0.00206495548566755,0.011698369440908471,-0.49145940558887685,-2.7231642690599127,-0.43134686126210137,-0.0024072031709598033,0.0116865606113192,-0.5729143546884332,-3.1777118207544848,-0.48086831380560635,0.9073529411764706,0.0,0.0,0.8712121212121212,0.0,0.0,3564.5555555555557,146597.96948711417,3.5978835978835977
88,equal_topk20_ndrop3_risk0p9_day_open_tplus,execution_grid_alpha158_adj_xgb_1m_tplus_adjpx_20260413,85851269b8b1487dad1340982230f449,risk.excess_return_with_cost.annualized_return,-0.5757746266057134,20,3,equal,open,day,True,0.9,2,0.09580594545626564,0.5931557416915894,188,-0.0019624348406189138,0.011186072474544048,-0.46705949206730146,-2.7064879345933943,-0.38574613933369084,-0.0024192211201920734,0.011144921760556595,-0.5757746266057134,-3.3487831041897005,-0.457344149858629,0.8495867563458194,0.0,0.0,0.8459359720147073,0.0,0.0,5451.380952380952,195700.35236830523,5.37037037037037
80,bucket_topk20_ndrop2_risk0p95_day_open_tplus,execution_grid_alpha158_adj_xgb_1m_tplus_adjpx_20260413,ddfd906452374a7594e3626ee03845ed,risk.excess_return_with_cost.annualized_return,-0.5831560687594187,20,2,bucket,open,day,True,0.95,2,0.06553224357193854,0.5931557416915894,188,-0.002108076976976789,0.011624288551323164,-0.5017223205204757,-2.7977477926043575,-0.4359604092107388,-0.002450235583022768,0.011612242973659094,-0.5831560687594187,-3.255218961912452,-0.48543877226553883,0.9073529411764706,0.0,0.0,0.8712121212121212,0.0,0.0,3551.5873015873017,145725.1514428564,3.5978835978835977
4,equal_topk8_ndrop1_risk0p9_day_open_tplus,execution_grid_alpha158_adj_xgb_1m_tplus_adjpx_20260413,18c1eb6091c944b1acad6546dbbd90e5,risk.excess_return_with_cost.annualized_return,-0.5891056835574416,8,1,equal,open,day,True,0.9,2,0.06400531320293545,0.5931557416915894,188,-0.002100738435658875,0.01364405348101922,-0.4999757476868122,-2.3752922237311522,-0.5500417491076524,-0.0024752339645270657,0.01361818672181902,-0.5891056835574416,-2.804048038465069,-0.6068685830909544,0.8264947894810247,0.0,0.0,0.8234238685180774,0.0,0.0,4552.142857142857,166621.7713348925,1.8518518518518519
79,bucket_topk20_ndrop2_risk0p9_day_open_tplus,execution_grid_alpha158_adj_xgb_1m_tplus_adjpx_20260413,138a248e9a6d4d889d245e6d011f0786,risk.excess_return_with_cost.annualized_return,-0.5978895703479354,20,2,bucket,open,day,True,0.9,2,0.053697171291190005,0.5931557416915894,188,-0.00217047897033073,0.011515770543726095,-0.5165739949387137,-2.907709785793866,-0.44149079041164474,-0.002512141051882082,0.011503590705148243,-0.5978895703479354,-3.3689850039526523,-0.49089754223881393,0.9073529411764706,0.0,0.0,0.8712121212121212,0.0,0.0,3528.835978835979,144223.65497602482,3.5978835978835977
60,equal_topk15_ndrop2_risk0p98_day_open_tplus,execution_grid_alpha158_adj_xgb_1m_tplus_adjpx_20260413,88825073ca454f0d890dafae51dbdcda,risk.excess_return_with_cost.annualized_return,-0.6430496268360151,15,2,equal,open,day,True,0.98,2,0.02781626934132886,0.5931557416915894,188,-0.0022934111783904725,0.012268061062633017,-0.5458318604569324,-2.8839948103881783,-0.53500455127527,-0.002701889188386618,0.012242367514579246,-0.6430496268360151,-3.404792104529959,-0.5906103530445804,0.847719946921745,0.0,0.0,0.8444560316633527,0.0,0.0,4508.37037037037,171380.76244760424,3.613756613756614
92,bucket_topk20_ndrop5_risk0p95_day_open_tplus,execution_grid_alpha158_adj_xgb_1m_tplus_adjpx_20260413,548f640440f54e048d684357983e5cc5,risk.excess_return_with_cost.annualized_return,-0.6900200863712084,20,5,bucket,open,day,True,0.95,2,0.04055998091378599,0.5931557416915894,188,-0.002248963755399358,0.011812265476566938,-0.5352533737850472,-2.937228515728915,-0.48246645022173096,-0.0028992440603832284,0.011795537973726074,-0.6900200863712084,-3.791888002970964,-0.5716770632458847,0.851828499369483,0.0,0.0,0.8329673742775348,0.0,0.0,6260.640211640211,263730.65536076145,8.39153439153439
66,equal_topk15_ndrop3_risk0p98_day_open_tplus,execution_grid_alpha158_adj_xgb_1m_tplus_adjpx_20260413,add1bccc76b349b7a70a12e731463293,risk.excess_return_with_cost.annualized_return,-0.6967628805178117,15,3,equal,open,day,True,0.98,2,0.012708577614465755,0.5931557416915894,188,-0.0023760884085880256,0.012606606568745921,-0.5655090412439501,-2.9077219491050403,-0.4747140719442492,-0.0029275751282260994,0.012572390975987021,-0.6967628805178117,-3.5923500505767563,-0.5631095659118374,0.8283826001754344,0.0,0.0,0.8249141989715736,0.0,0.0,6177.259259259259,229536.63134410267,5.349206349206349
87,bucket_topk20_ndrop3_risk0p98_day_open_tplus,execution_grid_alpha158_adj_xgb_1m_tplus_adjpx_20260413,352873c82e854f919035050c55e7c84b,risk.excess_return_with_cost.annualized_return,-0.6977457388944216,20,3,bucket,open,day,True,0.98,2,-0.005202431526934226,0.5931557416915894,188,-0.002478115066622453,0.011082108043393138,-0.5897913858561439,-3.4497495506630074,-0.5249656224841794,-0.002931704785270679,0.011067225268741874,-0.6977457388944216,-4.086673715058805,-0.5902989552564702,0.8905622489959839,0.0,0.0,0.8620002546473134,0.0,0.0,4745.158730158731,190983.8800137483,5.26984126984127
86,bucket_topk20_ndrop3_risk0p95_day_open_tplus,execution_grid_alpha158_adj_xgb_1m_tplus_adjpx_20260413,386a96c6bb3f4474b432e27db2d9e0be,risk.excess_return_with_cost.annualized_return,-0.6986214140409976,20,3,bucket,open,day,True,0.95,2,-0.00582041100159314,0.5931557416915894,188,-0.002482582047044002,0.011029517959971083,-0.5908545271964725,-3.4724464477630823,-0.5236694099390007,-0.0029353840926092337,0.011015005217462645,-0.6986214140409976,-4.111200975345237,-0.5888139322974034,0.8905622489959839,0.0,0.0,0.8620002546473134,0.0,0.0,4760.084656084656,190369.27526303567,5.26984126984127
93,bucket_topk20_ndrop5_risk0p98_day_open_tplus,execution_grid_alpha158_adj_xgb_1m_tplus_adjpx_20260413,224b0bc390034a8eafa72785ad171dc6,risk.excess_return_with_cost.annualized_return,-0.6989630032825098,20,5,bucket,open,day,True,0.98,2,0.03350457515227645,0.5931557416915894,188,-0.0022841091107206266,0.011770520268463366,-0.5436179683515091,-2.993709566257883,-0.4825432164538918,-0.0029368193415231507,0.011754450938906872,-0.6989630032825098,-3.8544583979952427,-0.5691858153035964,0.8525519848771267,0.0,0.0,0.8336151222514858,0.0,0.0,6200.867724867725,262268.671217108,8.396825396825397
85,bucket_topk20_ndrop3_risk0p9_day_open_tplus,execution_grid_alpha158_adj_xgb_1m_tplus_adjpx_20260413,a85de34e48584baf92ad7803a9234df1,risk.excess_return_with_cost.annualized_return,-0.7063977577956272,20,3,bucket,open,day,True,0.9,2,-0.011722608785309507,0.5931557416915894,188,-0.0025165307382588376,0.010946363739910377,-0.5989343157056034,-3.5466705001593373,-0.5259768906618136,-0.00296805780586398,0.0109322467190739,-0.7063977577956272,-4.188431423827347,-0.5908394813729734,0.8905622489959839,0.0,0.0,0.8620002546473134,0.0,0.0,4779.973544973545,189426.64358475024,5.26984126984127
95,equal_topk20_ndrop5_risk0p95_day_open_tplus,execution_grid_alpha158_adj_xgb_1m_tplus_adjpx_20260413,b7b0474fe7fe4f049f484662d2a00fd1,risk.excess_return_with_cost.annualized_return,-0.7076900822632137,20,5,equal,open,day,True,0.95,2,0.021509275484488333,0.5931557416915894,188,-0.0023662044552292274,0.010783374504796356,-0.5631566603445561,-3.38521345072617,-0.4888520622827245,-0.0029734877406017383,0.010751587476020083,-0.7076900822632137,-4.266601071396015,-0.5762999213137197,0.818664604136796,0.0,0.0,0.8174833962515398,0.0,0.0,6128.074074074074,237883.36740433882,8.571428571428571
91,bucket_topk20_ndrop5_risk0p9_day_open_tplus,execution_grid_alpha158_adj_xgb_1m_tplus_adjpx_20260413,0aefbf8b8e654407abb3183ad81a8fde,risk.excess_return_with_cost.annualized_return,-0.7092452340784323,20,5,bucket,open,day,True,0.9,2,0.02379394397160839,0.5931557416915894,188,-0.0023367610783914913,0.011722835849223184,-0.5561491366571749,-3.075176909991372,-0.4818534671079075,-0.0029800219919261864,0.011706479148065854,-0.7092452340784323,-3.9271876353807356,-0.575918067135996,0.8525519848771267,0.0,0.0,0.8338991519472804,0.0,0.0,6099.285714285715,257746.42688963315,8.396825396825397
89,equal_topk20_ndrop3_risk0p95_day_open_tplus,execution_grid_alpha158_adj_xgb_1m_tplus_adjpx_20260413,3e2af349d9a84269b7dcf42adb20e681,risk.excess_return_with_cost.annualized_return,-0.7229185307715624,20,3,equal,open,day,True,0.95,2,-0.024537118902653643,0.5931557416915894,188,-0.002580429168069856,0.011145947669578788,-0.6141421420006258,-3.571604990768378,-0.5070413919498994,-0.0030374728183679093,0.011119505778337856,-0.7229185307715624,-4.214202436801402,-0.5792295024636925,0.8473731241087517,0.0,0.0,0.8457910887686831,0.0,0.0,4775.148148148148,186012.09164996402,5.407407407407407
57,bucket_topk15_ndrop2_risk0p98_day_open_tplus,execution_grid_alpha158_adj_xgb_1m_tplus_adjpx_20260413,4ec7f4dff9734cfeb9fb18db9b7e46b4,risk.excess_return_with_cost.annualized_return,-0.732291174245794,15,2,bucket,open,day,True,0.98,2,-0.04159520849889631,0.5931557416915894,188,-0.0026540973436420816,0.012334063590432093,-0.6316751677868154,-3.3197023254564533,-0.5337663100727759,-0.003076853673301656,0.012307974840055825,-0.732291174245794,-3.856636628194128,-0.6004009845479329,0.8998505231689088,0.0,0.0,0.8627450980392157,0.0,0.0,4085.089947089947,170563.16696064378,3.5396825396825395
56,bucket_topk15_ndrop2_risk0p95_day_open_tplus,execution_grid_alpha158_adj_xgb_1m_tplus_adjpx_20260413,aa4fd152082848418c960f7387bb06e1,risk.excess_return_with_cost.annualized_return,-0.7391017187029736,15,2,bucket,open,day,True,0.95,2,-0.046640105172123136,0.5931557416915894,188,-0.0026850057461478734,0.0122337305874549,-0.6390313675831939,-3.385905133131044,-0.5346721782828759,-0.003105469406315015,0.012207764144696959,-0.7391017187029736,-3.924457259073009,-0.6010549506599914,0.8998505231689088,0.0,0.0,0.8627450980392157,0.0,0.0,4078.1428571428573,168837.19157370893,3.5396825396825395
65,equal_topk15_ndrop3_risk0p95_day_open_tplus,execution_grid_alpha158_adj_xgb_1m_tplus_adjpx_20260413,eda0f1c9a0ff423b9b42d5f3f052669c,risk.excess_return_with_cost.annualized_return,-0.7414286156844103,15,3,equal,open,day,True,0.95,2,-0.02386209158106245,0.5931557416915894,188,-0.002566668785778319,0.012582977685008951,-0.6108671710152399,-3.1468415883753798,-0.5145652366564697,-0.003115246284388279,0.012565127297148862,-0.7414286156844103,-3.824846164064037,-0.5997682884419802,0.8335589680937189,0.0,0.0,0.8293187061505847,0.0,0.0,6002.280423280423,225245.40211977452,5.296296296296297
55,bucket_topk15_ndrop2_risk0p9_day_open_tplus,execution_grid_alpha158_adj_xgb_1m_tplus_adjpx_20260413,48eae6436da44a3bbd5aa6243073c06d,risk.excess_return_with_cost.annualized_return,-0.7483274582572533,15,2,bucket,open,day,True,0.9,2,-0.0534746603280023,0.5931557416915894,188,-0.002727340213781218,0.012095001497805414,-0.6491069708799299,-3.47873917654645,-0.5354356716931524,-0.003144233017887619,0.012068692415266296,-0.7483274582572533,-4.019231149391882,-0.602063828231997,0.8998505231689088,0.0,0.0,0.8627450980392157,0.0,0.0,4071.2486772486773,166295.83881082846,3.5396825396825395
90,equal_topk20_ndrop3_risk0p98_day_open_tplus,execution_grid_alpha158_adj_xgb_1m_tplus_adjpx_20260413,4d537e1ddfb147f4b86ae31b89b47a87,risk.excess_return_with_cost.annualized_return,-0.754171697999287,20,3,equal,open,day,True,0.98,2,-0.05011244935927084,0.5931557416915894,188,-0.0027152520534363214,0.011634252047943869,-0.6462299887178445,-3.6004779957643303,-0.5367640533470893,-0.0031687886470558274,0.011625774019729387,-0.754171697999287,-4.2049406947975,-0.6084595017198905,0.8475208279242653,0.0,0.0,0.8448295851918914,0.0,0.0,4853.132275132275,184062.4068167896,5.375661375661376
3,bucket_topk8_ndrop1_risk0p98_day_open_tplus,execution_grid_alpha158_adj_xgb_1m_tplus_adjpx_20260413,4062f8c46ea24049b3f7db451946f83c,risk.excess_return_with_cost.annualized_return,-0.7558361030786568,8,1,bucket,open,day,True,0.98,2,-0.0719809260804295,0.5931557416915894,188,-0.002787821617462038,0.016312347107786385,-0.663501544955965,-2.636556034402786,-0.6822087135404635,-0.003175781945708642,0.016280248953321558,-0.7558361030786568,-3.0093874965639533,-0.7373217517251492,0.9017857142857143,0.0,0.0,0.8296703296703297,0.0,0.0,4738.058201058201,162119.42515891045,1.7777777777777777
94,equal_topk20_ndrop5_risk0p9_day_open_tplus,execution_grid_alpha158_adj_xgb_1m_tplus_adjpx_20260413,9db707813a804ccfbe78739a3f44a4e8,risk.excess_return_with_cost.annualized_return,-0.7611861775881368,20,5,equal,open,day,True,0.9,2,-0.022758527411998353,0.5931557416915894,188,-0.0026002430447788867,0.01065121938932688,-0.618857844657375,-3.766197508412494,-0.5325117027368438,-0.0031982612503703226,0.010630622723361856,-0.7611861775881368,-4.641343479764035,-0.6199908183274153,0.8249728122662721,0.0,0.0,0.8218806395232909,0.0,0.0,5846.751322751323,230626.88941743772,8.566137566137566
2,bucket_topk8_ndrop1_risk0p95_day_open_tplus,execution_grid_alpha158_adj_xgb_1m_tplus_adjpx_20260413,aab1962aff034097805106114ad9efe3,risk.excess_return_with_cost.annualized_return,-0.7630995499667648,8,1,bucket,open,day,True,0.95,2,-0.0761795519688383,0.5931557416915894,188,-0.0028187830227947826,0.01592259689322023,-0.6708703594251583,-2.7310913409189435,-0.6781532818573288,-0.003206300630112457,0.015889842123275603,-0.7630995499667648,-3.1129571073892444,-0.7332882533306022,0.9017857142857143,0.0,0.0,0.8296703296703297,0.0,0.0,4724.354497354498,161126.69144654827,1.7777777777777777
96,equal_topk20_ndrop5_risk0p98_day_open_tplus,execution_grid_alpha158_adj_xgb_1m_tplus_adjpx_20260413,ed0d4debdf424e92b8527385c06e1ef1,risk.excess_return_with_cost.annualized_return,-0.7650288257908827,20,5,equal,open,day,True,0.98,2,-0.021387292145559678,0.5931557416915894,188,-0.0025865168175967833,0.011755564806445174,-0.6155910025880345,-3.3943786337173725,-0.5277319897018121,-0.003214406831054129,0.011739829808413482,-0.7650288257908827,-4.224035114606192,-0.6267460162189307,0.8114857819145223,0.0,0.0,0.8111288361372059,0.0,0.0,5970.079365079365,243107.12300619416,8.682539682539682
1,bucket_topk8_ndrop1_risk0p9_day_open_tplus,execution_grid_alpha158_adj_xgb_1m_tplus_adjpx_20260413,533aeb14584a4dd8b4075cf8f1f66eec,risk.excess_return_with_cost.annualized_return,-0.773814682379069,8,1,bucket,open,day,True,0.9,2,-0.0824672319223736,0.5931557416915894,188,-0.0028651716878307035,0.015359547365332798,-0.6819108617037074,-2.877800687568835,-0.6713423815951446,-0.003251322194870038,0.015326464265472118,-0.773814682379069,-3.2727023648072753,-0.7263924786723854,0.9017857142857143,0.0,0.0,0.8296703296703297,0.0,0.0,4693.820105820106,159392.93645541382,1.7777777777777777
34,equal_topk10_ndrop2_risk0p9_day_open_tplus,execution_grid_alpha158_adj_xgb_1m_tplus_adjpx_20260413,20b7e01883ac4deea176e24f28bd45d2,risk.excess_return_with_cost.annualized_return,-0.7840418565112988,10,2,equal,open,day,True,0.9,2,-0.06199706748209066,0.5931557416915894,188,-0.002772807262688421,0.012750274736192032,-0.6599281285198442,-3.3549698264080736,-0.5690304820006036,-0.003294293514753356,0.012714540977378622,-0.7840418565112988,-3.997146666290079,-0.6645755793107088,0.8487705985101572,0.0,0.0,0.8414729306180653,0.0,0.0,5505.962962962963,201009.71340430283,3.5502645502645502
36,equal_topk10_ndrop2_risk0p98_day_open_tplus,execution_grid_alpha158_adj_xgb_1m_tplus_adjpx_20260413,efacb8712251435caab0722128fa75d2,risk.excess_return_with_cost.annualized_return,-0.7939278716315722,10,2,equal,open,day,True,0.98,2,-0.06937956147553925,0.5931557416915894,188,-0.0028156389049113547,0.012801801529642137,-0.6701220593689025,-3.393081927661393,-0.5711372806679643,-0.0033358313934099674,0.012740254768856207,-0.7939278716315722,-4.039377641657883,-0.6665911929495274,0.8302903941825389,0.0,0.0,0.8239739973010378,0.0,0.0,5504.661375661376,199439.94277601244,3.5555555555555554
70,equal_topk15_ndrop5_risk0p9_day_open_tplus,execution_grid_alpha158_adj_xgb_1m_tplus_adjpx_20260413,7bc96d18c2024ebc968ba94bb126f40b,risk.excess_return_with_cost.annualized_return,-0.8696743310670136,15,5,equal,open,day,True,0.9,2,-0.08719679967922178,0.5931557416915894,188,-0.002965914205164301,0.01178815208629203,-0.7058875808291036,-3.881515567098353,-0.5676128741101151,-0.0036540938280126625,0.011752508378159325,-0.8696743310670136,-4.796645290829963,-0.6847729165685439,0.8078291093662855,0.0,0.0,0.8026374080975639,0.0,0.0,6604.174603174603,262694.095958159,8.301587301587302
64,equal_topk15_ndrop3_risk0p9_day_open_tplus,execution_grid_alpha158_adj_xgb_1m_tplus_adjpx_20260413,4c93f3c1d3f74ad2abaf532888ec9a60,risk.excess_return_with_cost.annualized_return,-0.8725313840270112,15,3,equal,open,day,True,0.9,2,-0.12191462933303077,0.5931557416915894,188,-0.003135823809367025,0.012229687053770946,-0.746326066629352,-3.955713120427059,-0.6112104230989942,-0.0036660982522143328,0.012196325900664086,-0.8725313840270112,-4.6372825443409695,-0.6960413215582664,0.8375800402602691,0.0,0.0,0.8340110066291069,0.0,0.0,5451.5026455026455,207841.22431842872,5.222222222222222
63,bucket_topk15_ndrop3_risk0p98_day_open_tplus,execution_grid_alpha158_adj_xgb_1m_tplus_adjpx_20260413,c1031520c06a41beae306fc847dc638b,risk.excess_return_with_cost.annualized_return,-0.876263986260288,15,3,bucket,open,day,True,0.98,2,-0.11914475097072219,0.5931557416915894,188,-0.003125426189754668,0.011544257158961877,-0.743851433161611,-4.1766851007010075,-0.6206329042032092,-0.0036817814548751595,0.011499610788874333,-0.876263986260288,-4.939276547151567,-0.7030037565121942,0.8738461538461538,0.0,0.0,0.8429399032340208,0.0,0.0,5252.597883597884,220894.9170879992,5.158730158730159
62,bucket_topk15_ndrop3_risk0p95_day_open_tplus,execution_grid_alpha158_adj_xgb_1m_tplus_adjpx_20260413,b68e754ab8af45ce8eec914ded5953fc,risk.excess_return_with_cost.annualized_return,-0.8785405846122011,15,3,bucket,open,day,True,0.95,2,-0.12064893736717841,0.5931557416915894,188,-0.003136046264816525,0.011497423814800149,-0.746379011026333,-4.20794833626702,-0.6209260868968579,-0.003691346994168912,0.01145388374060054,-0.8785405846122011,-4.971879330490444,-0.7034079997458411,0.8738461538461538,0.0,0.0,0.8429399032340208,0.0,0.0,5272.068783068783,219947.692889181,5.158730158730159
61,bucket_topk15_ndrop3_risk0p9_day_open_tplus,execution_grid_alpha158_adj_xgb_1m_tplus_adjpx_20260413,8d800e44e9c849b5b8fa47b7614bca31,risk.excess_return_with_cost.annualized_return,-0.8837762992311382,15,3,bucket,open,day,True,0.9,2,-0.12428234719031928,0.5931557416915894,188,-0.003160783781055461,0.01140925619368165,-0.7522665398911997,-4.273915529491041,-0.622522105857334,-0.003713345795088816,0.01136767934723134,-0.8837762992311382,-5.039437430017768,-0.704695335230219,0.8738461538461538,0.0,0.0,0.8429399032340208,0.0,0.0,5287.269841269841,218050.74830215506,5.158730158730159
72,equal_topk15_ndrop5_risk0p98_day_open_tplus,execution_grid_alpha158_adj_xgb_1m_tplus_adjpx_20260413,7b0d31cec2a847248e0a4d1e080f40af,risk.excess_return_with_cost.annualized_return,-0.887790379252244,15,5,equal,open,day,True,0.98,2,-0.0984214177553503,0.5931557416915894,188,-0.00302323335258112,0.012088501449436075,-0.7195295379143065,-3.858226163372626,-0.6033420711002716,-0.003730211677530437,0.012059686006565352,-0.887790379252244,-4.771840902423202,-0.719432956211487,0.7980211414186441,0.0,0.0,0.794941460788706,0.0,0.0,6874.4973544973545,276963.13287012745,8.455026455026456
71,equal_topk15_ndrop5_risk0p95_day_open_tplus,execution_grid_alpha158_adj_xgb_1m_tplus_adjpx_20260413,ee37aa5ef0d64495aa24bc9a3451831f,risk.excess_return_with_cost.annualized_return,-0.8884053202024614,15,5,equal,open,day,True,0.95,2,-0.09927024313738908,0.5931557416915894,188,-0.0030300885075660454,0.01183333287297804,-0.7211610648007188,-3.9503603296086967,-0.5983899760082575,-0.0037327954630355523,0.011801189376082927,-0.8884053202024614,-4.879742356697368,-0.7139834871192108,0.7998748295585012,0.0,0.0,0.7961638218896921,0.0,0.0,6877.708994708994,272241.04782844684,8.407407407407407
67,bucket_topk15_ndrop5_risk0p9_day_open_tplus,execution_grid_alpha158_adj_xgb_1m_tplus_adjpx_20260413,80da55a9b7834fae95fce625a02d8168,risk.excess_return_with_cost.annualized_return,-0.8911905939814772,15,5,bucket,open,day,True,0.9,2,-0.09743369307292338,0.5931557416915894,188,-0.003008943875731155,0.012173188615175527,-0.716128642424015,-3.813275775444063,-0.6347448510316086,-0.00374449829403982,0.012160726109036004,-0.8911905939814772,-4.750317178710404,-0.7370926654289897,0.8265971316818774,0.0,0.0,0.8005910904306627,0.0,0.0,6830.132275132275,287044.1013347156,8.116402116402117
35,equal_topk10_ndrop2_risk0p95_day_open_tplus,execution_grid_alpha158_adj_xgb_1m_tplus_adjpx_20260413,aa01ef01508c4468b49fdb50b707b708,risk.excess_return_with_cost.annualized_return,-0.8963251670655544,10,2,equal,open,day,True,0.95,2,-0.1426179211106846,0.5931557416915894,188,-0.003238626105031085,0.01366904155977421,-0.7707930129973982,-3.6552006878319747,-0.6582906283165327,-0.00376607213052754,0.013609953581887164,-0.8963251670655544,-4.268944102635553,-0.7550467028810872,0.8399335868040411,0.0,0.0,0.8351774790061658,0.0,0.0,5869.915343915344,197494.36384757445,3.5343915343915344
33,bucket_topk10_ndrop2_risk0p98_day_open_tplus,execution_grid_alpha158_adj_xgb_1m_tplus_adjpx_20260413,21b57359908a4ef5b695e21749051cbc,risk.excess_return_with_cost.annualized_return,-0.9045258434334125,10,2,bucket,open,day,True,0.98,2,-0.141577966245103,0.5931557416915894,188,-0.0032335368470266363,0.0139480873578913,-0.7695817695923395,-3.5764456862638605,-0.6644304874108394,-0.003800528753921901,0.013913438399258097,-0.9045258434334125,-4.214033964415036,-0.7547881421585708,0.882262996941896,0.0,0.0,0.8342245989304813,0.0,0.0,5383.444444444444,221876.36964603784,3.4603174603174605
32,bucket_topk10_ndrop2_risk0p95_day_open_tplus,execution_grid_alpha158_adj_xgb_1m_tplus_adjpx_20260413,f7b597cc901c4f50b53ed7141593c335,risk.excess_return_with_cost.annualized_return,-0.9108868703108837,10,2,bucket,open,day,True,0.95,2,-0.14554663133776036,0.5931557416915894,188,-0.003261949995642392,0.013739464422174996,-0.7763440989628893,-3.662654673011135,-0.6637488872795585,-0.003827255757608755,0.013706146605949075,-0.9108868703108837,-4.307850178795075,-0.7541101511758638,0.882262996941896,0.0,0.0,0.8342245989304813,0.0,0.0,5352.05291005291,220441.79030131135,3.4603174603174605
31,bucket_topk10_ndrop2_risk0p9_day_open_tplus,execution_grid_alpha158_adj_xgb_1m_tplus_adjpx_20260413,a89ab585ddbc4325a56f21f2ceec2d85,risk.excess_return_with_cost.annualized_return,-0.9129529214262629,10,2,bucket,open,day,True,0.9,2,-0.14673951179756095,0.5931557416915894,188,-0.0032752393933709735,0.013410739890754989,-0.7795069756222917,-3.767721454962988,-0.6582798560600653,-0.0038359366446481637,0.013378885232151388,-0.9129529214262629,-4.423234618039766,-0.7481894906920132,0.882262996941896,0.0,0.0,0.8342245989304813,0.0,0.0,5294.333333333333,217644.61432634084,3.4603174603174605
40,equal_topk10_ndrop3_risk0p9_day_open_tplus,execution_grid_alpha158_adj_xgb_1m_tplus_adjpx_20260413,43b0e3daf6094c8a90fda65bd4d981a6,risk.excess_return_with_cost.annualized_return,-0.9157505031677803,10,3,equal,open,day,True,0.9,2,-0.13266968586696426,0.5931557416915894,188,-0.003202785935356936,0.01365737401678939,-0.7622630526149508,-3.6178386007722825,-0.6376183288902539,-0.0038476911897805896,0.01360138025395831,-0.9157505031677803,-4.364210652998796,-0.7359651589230913,0.8038477271369994,0.0,0.0,0.799727905543189,0.0,0.0,6043.783068783069,244302.1246028078,5.079365079365079
68,bucket_topk15_ndrop5_risk0p95_day_open_tplus,execution_grid_alpha158_adj_xgb_1m_tplus_adjpx_20260413,325a6dab05da4af79346870efc752727,risk.excess_return_with_cost.annualized_return,-0.9262875827463753,15,5,bucket,open,day,True,0.95,2,-0.12100358071058159,0.5931557416915894,188,-0.003145726424620968,0.012242361778690578,-0.7486828890597904,-3.964096513575299,-0.6401038711555587,-0.003891964633388132,0.012231263306995518,-0.9262875827463753,-4.908921058652458,-0.74372129719786,0.8275862068965517,0.0,0.0,0.8020547419483589,0.0,0.0,6816.2328042328045,285019.7940808379,8.132275132275133
69,bucket_topk15_ndrop5_risk0p98_day_open_tplus,execution_grid_alpha158_adj_xgb_1m_tplus_adjpx_20260413,8868521cfeee48adbc70feaae1cf5ff7,risk.excess_return_with_cost.annualized_return,-0.9347658418363529,15,5,bucket,open,day,True,0.98,2,-0.12638942789275365,0.5931557416915894,188,-0.0031772658597309165,0.012264274097896273,-0.7561892746159581,-3.996687448467526,-0.6426171710080203,-0.0039275875707409785,0.012254787226927069,-0.9347658418363529,-4.944342876850043,-0.7469052193579712,0.8275862068965517,0.0,0.0,0.8020211614626508,0.0,0.0,6801.9682539682535,285170.74190518836,8.132275132275133
41,equal_topk10_ndrop3_risk0p95_day_open_tplus,execution_grid_alpha158_adj_xgb_1m_tplus_adjpx_20260413,7d236afe765f42c29a0a4a409600d595,risk.excess_return_with_cost.annualized_return,-0.977972466152401,10,3,equal,open,day,True,0.95,2,-0.17203348937823393,0.5931557416915894,188,-0.0034503930004948667,0.013653575157019758,-0.8211935341177783,-3.8986177645818407,-0.668963744687592,-0.004109128009043702,0.01360904888624803,-0.977972466152401,-4.658116811763842,-0.7745885586742138,0.8011438168053614,0.0,0.0,0.7959834969549048,0.0,0.0,5858.994708994709,244530.00105655464,5.116402116402116
21,bucket_topk8_ndrop5_risk0p98_day_open_tplus,execution_grid_alpha158_adj_xgb_1m_tplus_adjpx_20260413,00d0f3e81e6f4c628d50b44be34f870f,risk.excess_return_with_cost.annualized_return,-0.9803335262592687,8,5,bucket,open,day,True,0.98,2,-0.12267737421728075,0.5931557416915894,188,-0.003150394487525946,0.014345363244610655,-0.7497938880311752,-3.38798803370178,-0.673863050598467,-0.004119048429660793,0.014273938642113444,-0.9803335262592687,-4.451860540926313,-0.8305884499452468,0.7698229407236336,0.0,0.0,0.7375006752012099,0.0,0.0,9158.83597883598,377338.6402034891,6.873015873015873
11,equal_topk8_ndrop2_risk0p95_day_open_tplus,execution_grid_alpha158_adj_xgb_1m_tplus_adjpx_20260413,4844861c1c7845d781f50e1924dbe88c,risk.excess_return_with_cost.annualized_return,-0.982456327207941,8,2,equal,open,day,True,0.95,2,-0.1872690517540696,0.5931557416915894,188,-0.003509815559633987,0.01587770806214494,-0.8353361031928889,-3.4102401328195096,-0.7036383990870905,-0.004127967761377903,0.015832013820550953,-0.982456327207941,-4.022431111681591,-0.8164150074777952,0.8040502535465414,0.0,0.0,0.7975925210009915,0.0,0.0,5911.269841269841,221166.4607359779,3.5343915343915344
20,bucket_topk8_ndrop5_risk0p95_day_open_tplus,execution_grid_alpha158_adj_xgb_1m_tplus_adjpx_20260413,b9e2bdae189146fb8edd05c76e51a4e1,risk.excess_return_with_cost.annualized_return,-0.9857278007656491,8,5,bucket,open,day,True,0.95,2,-0.1273767464364176,0.5931557416915894,188,-0.0031814169055931537,0.014189479955098486,-0.7571772235311706,-3.4589364602149555,-0.6750168514690787,-0.0041417134485951645,0.014116888978478624,-0.9857278007656491,-4.526156094584798,-0.8305361386878353,0.7698229407236336,0.0,0.0,0.7375006752012099,0.0,0.0,9079.174603174602,372824.86831196275,6.873015873015873
19,bucket_topk8_ndrop5_risk0p9_day_open_tplus,execution_grid_alpha158_adj_xgb_1m_tplus_adjpx_20260413,e493914f378746429c669138dd55f121,risk.excess_return_with_cost.annualized_return,-0.9949683982555408,8,5,bucket,open,day,True,0.9,2,-0.13539133302326722,0.5931557416915894,188,-0.0032346433966090747,0.01395344898684353,-0.7698451283929598,-3.576294859094155,-0.678192068757171,-0.004180539488468659,0.013880674402739775,-0.9949683982555408,-4.646332028641745,-0.8316106364870561,0.7698229407236336,0.0,0.0,0.7375006752012099,0.0,0.0,8936.772486772486,365247.4199647467,6.873015873015873
42,equal_topk10_ndrop3_risk0p98_day_open_tplus,execution_grid_alpha158_adj_xgb_1m_tplus_adjpx_20260413,a5e13699b244479dbe52c429987b1569,risk.excess_return_with_cost.annualized_return,-1.0121216051869453,10,3,equal,open,day,True,0.98,2,-0.1949246630752981,0.5931557416915894,188,-0.00357578168778093,0.015012103037014423,-0.8510360416918613,-3.67466656564775,-0.6895049646982927,-0.00425261178649977,0.014973817903827263,-1.0121216051869453,-4.381387548476092,-0.8018709431734489,0.7850511406856931,0.0,0.0,0.7811445269882248,0.0,0.0,6337.179894179894,249238.49244765769,5.174603174603175
39,bucket_topk10_ndrop3_risk0p98_day_open_tplus,execution_grid_alpha158_adj_xgb_1m_tplus_adjpx_20260413,2b468dccd267490ea091be0f3534d336,risk.excess_return_with_cost.annualized_return,-1.0127187442720815,10,3,bucket,open,day,True,0.98,2,-0.1907614316604861,0.5931557416915894,188,-0.0035516481510665435,0.01456648771219066,-0.8452922599538374,-3.761521659976736,-0.7260967268828799,-0.004255120774252444,0.014526282551037413,-1.0127187442720815,-4.5190368467764275,-0.8412289308611245,0.8466453674121406,0.0,0.0,0.804087089381207,0.0,0.0,6289.777777777777,270281.5840876992,4.968253968253968
9,bucket_topk8_ndrop2_risk0p98_day_open_tplus,execution_grid_alpha158_adj_xgb_1m_tplus_adjpx_20260413,e68f242d9f04490c943e4b5cc9d8e383,risk.excess_return_with_cost.annualized_return,-1.0196447736625274,8,2,bucket,open,day,True,0.98,2,-0.20536319160407535,0.5931557416915894,188,-0.0036258916159439486,0.01465623466863951,-0.8629622045946598,-3.816637267005279,-0.7052679512037169,-0.004284221738077846,0.014645139879497528,-1.0196447736625274,-4.513016225361111,-0.8135545158320872,0.8666666666666667,0.0,0.0,0.8143369175627239,0.0,0.0,5561.708994708994,247856.2048009332,3.4126984126984126
38,bucket_topk10_ndrop3_risk0p95_day_open_tplus,execution_grid_alpha158_adj_xgb_1m_tplus_adjpx_20260413,264508a22c2e40969308ad747e2c8e8d,risk.excess_return_with_cost.annualized_return,-1.0215311475842797,10,3,bucket,open,day,True,0.95,2,-0.1965252866994024,0.5931557416915894,188,-0.0035925006386641105,0.014397493512923368,-0.8550151520020584,-3.849447855099054,-0.7279994724216509,-0.004292147678925545,0.014358761048726309,-1.0215311475842797,-4.6115419801305375,-0.842608619074252,0.8466453674121406,0.0,0.0,0.804087089381207,0.0,0.0,6264.78835978836,267475.21676114167,4.968253968253968
8,bucket_topk8_ndrop2_risk0p95_day_open_tplus,execution_grid_alpha158_adj_xgb_1m_tplus_adjpx_20260413,e4293c5549d3453582a40e0bcab08e58,risk.excess_return_with_cost.annualized_return,-1.0282107062078922,8,2,bucket,open,day,True,0.95,2,-0.21049223675352147,0.5931557416915894,188,-0.0036668254392301933,0.014355541090878336,-0.872704454536786,-3.9405709155104636,-0.7071053885262002,-0.0043202130512936645,0.014345330738027927,-1.0282107062078922,-4.646041423035044,-0.8172314338683929,0.8666666666666667,0.0,0.0,0.8143369175627239,0.0,0.0,5541.772486772486,245362.8818033332,3.4126984126984126
37,bucket_topk10_ndrop3_risk0p9_day_open_tplus,execution_grid_alpha158_adj_xgb_1m_tplus_adjpx_20260413,17118393e89546a783fb697921ca9a15,risk.excess_return_with_cost.annualized_return,-1.0322752621131508,10,3,bucket,open,day,True,0.9,2,-0.20371664721509386,0.5931557416915894,188,-0.0036448573462482666,0.014129040882668743,-0.8674760484070875,-3.979754955338357,-0.7296549389639719,-0.004337291017282146,0.01409223108029191,-1.0322752621131508,-4.748181212897556,-0.8430543711472489,0.8466453674121406,0.0,0.0,0.804087089381207,0.0,0.0,6221.259259259259,262991.3423634281,4.968253968253968
7,bucket_topk8_ndrop2_risk0p9_day_open_tplus,execution_grid_alpha158_adj_xgb_1m_tplus_adjpx_20260413,cef580ef304f44149725e7ec4491e741,risk.excess_return_with_cost.annualized_return,-1.0322990114831125,8,2,bucket,open,day,True,0.9,2,-0.21305074424906245,0.5931557416915894,188,-0.003693527407356551,0.013902018268442243,-0.8790595229508592,-4.0987549073663025,-0.7053128043568274,-0.004337390804550893,0.01389282341348049,-1.0322990114831125,-4.816444023993652,-0.819839042218375,0.8666666666666667,0.0,0.0,0.8143369175627239,0.0,0.0,5499.026455026455,240980.64688922898,3.4126984126984126
47,equal_topk10_ndrop5_risk0p95_day_open_tplus,execution_grid_alpha158_adj_xgb_1m_tplus_adjpx_20260413,26621723e2a44f4d8e1723439bab2a87,risk.excess_return_with_cost.annualized_return,-1.0398201252556234,10,5,equal,open,day,True,0.95,2,-0.18124774125191467,0.5931557416915894,188,-0.0035367776450992506,0.01185820819333649,-0.8417530795336217,-4.601264133410986,-0.7094149348127455,-0.004368992122922788,0.01182739546221417,-1.0398201252556234,-5.698763342855137,-0.8351603126305908,0.7642343523575311,0.0,0.0,0.7618716607095752,0.0,0.0,7640.216931216931,317803.91601047694,7.984126984126984
10,equal_topk8_ndrop2_risk0p9_day_open_tplus,execution_grid_alpha158_adj_xgb_1m_tplus_adjpx_20260413,8842016ea29d45f2b84e228f26b1f8ed,risk.excess_return_with_cost.annualized_return,-1.0425951104827984,8,2,equal,open,day,True,0.9,2,-0.228869496373178,0.5931557416915894,188,-0.0037867311419588646,0.014927665280353976,-0.9012420117862098,-3.9134614615877297,-0.7548407665975335,-0.00438065172471764,0.014874767107824042,-1.0425951104827984,-4.543358748902736,-0.863189589593416,0.8169202751435848,0.0,0.0,0.8105475575712355,0.0,0.0,6043.777777777777,206990.97106525316,3.4656084656084656
48,equal_topk10_ndrop5_risk0p98_day_open_tplus,execution_grid_alpha158_adj_xgb_1m_tplus_adjpx_20260413,0dc81940678d4228b537f445b28cf457,risk.excess_return_with_cost.annualized_return,-1.044078158211056,10,5,equal,open,day,True,0.98,2,-0.1831441641511643,0.5931557416915894,188,-0.0035489786926521183,0.011979638328830148,-0.8446569288512041,-4.570336360554821,-0.7029802154032735,-0.004386883017693513,0.01196601193235502,-1.044078158211056,-5.655813763664672,-0.8261311721264418,0.7594184004339484,0.0,0.0,0.7593568630154763,0.0,0.0,7775.862433862434,318927.94243171054,8.084656084656086
45,bucket_topk10_ndrop5_risk0p98_day_open_tplus,execution_grid_alpha158_adj_xgb_1m_tplus_adjpx_20260413,e3d804e5a3294e61ab2a67ed49060217,risk.excess_return_with_cost.annualized_return,-1.0478520189498417,10,5,bucket,open,day,True,0.98,2,-0.17373968210523005,0.5931557416915894,188,-0.0034851739700926376,0.012887644946192035,-0.8294714048820477,-4.171952714940791,-0.6921233956479554,-0.004402739575419503,0.01282589007560106,-1.0478520189498417,-5.295707170506918,-0.8386406161922741,0.7910764872521246,0.0,0.0,0.7590735467740816,0.0,0.0,8398.285714285714,349950.2544241766,7.470899470899471
44,bucket_topk10_ndrop5_risk0p95_day_open_tplus,execution_grid_alpha158_adj_xgb_1m_tplus_adjpx_20260413,2c3f378259bf4d8589bdacf744467225,risk.excess_return_with_cost.annualized_return,-1.0558094674007623,10,5,bucket,open,day,True,0.95,2,-0.17985358246801908,0.5931557416915894,188,-0.003526533717777768,0.012783759843121998,-0.8393150248311088,-4.2557677162678695,-0.696601056658056,-0.004436174232776312,0.012723734214456016,-1.0558094674007623,-5.378763943003829,-0.8419095279552437,0.7910764872521246,0.0,0.0,0.7590735467740816,0.0,0.0,8320.269841269841,345584.89699032664,7.470899470899471
43,bucket_topk10_ndrop5_risk0p9_day_open_tplus,execution_grid_alpha158_adj_xgb_1m_tplus_adjpx_20260413,65db338debaa499586c8d209cc0a5a9e,risk.excess_return_with_cost.annualized_return,-1.0620799721671257,10,5,bucket,open,day,True,0.9,2,-0.18554292905643555,0.5931557416915894,188,-0.003566495434218095,0.012612986287660097,-0.8488259133439066,-4.362266834582913,-0.6987025649348987,-0.004462520891458511,0.012556719416966027,-1.0620799721671257,-5.482675608238229,-0.841886918246062,0.7910764872521246,0.0,0.0,0.7590735467740816,0.0,0.0,8181.486772486773,338431.21118285495,7.470899470899471
46,equal_topk10_ndrop5_risk0p9_day_open_tplus,execution_grid_alpha158_adj_xgb_1m_tplus_adjpx_20260413,385dfe7fdc394024bd4f2f8af6ff29c2,risk.excess_return_with_cost.annualized_return,-1.0625093552617482,10,5,equal,open,day,True,0.9,2,-0.1985404708493187,0.5931557416915894,188,-0.0036463539708649476,0.011901559285430022,-0.8678322450658575,-4.726541112633697,-0.7088099520006731,-0.004464325022108186,0.011863295608369469,-1.0625093552617482,-5.805490675826926,-0.8351344065624285,0.7652159057179603,0.0,0.0,0.7644830260033546,0.0,0.0,7207.089947089947,304080.34125732153,7.994708994708994
12,equal_topk8_ndrop2_risk0p98_day_open_tplus,execution_grid_alpha158_adj_xgb_1m_tplus_adjpx_20260413,7b0790618b144ab29ab68440e5bccab0,risk.excess_return_with_cost.annualized_return,-1.1039996469700983,8,2,equal,open,day,True,0.98,2,-0.26590939518151047,0.5931557416915894,188,-0.004051205763441585,0.01528427344710488,-0.9641869716990972,-4.089102353597479,-0.8077676699203153,-0.004638653978865959,0.015250891771747384,-1.1039996469700983,-4.692294015829216,-0.9147446853291346,0.7899128717783658,0.0,0.0,0.7848617192565827,0.0,0.0,5547.137566137566,202877.54201631903,3.5291005291005293
15,bucket_topk8_ndrop3_risk0p98_day_open_tplus,execution_grid_alpha158_adj_xgb_1m_tplus_adjpx_20260413,9ea80722184f486d8ead6876304cf354,risk.excess_return_with_cost.annualized_return,-1.1266079659259927,8,3,bucket,open,day,True,0.98,2,-0.24680511709350783,0.5931557416915894,188,-0.003917970318662554,0.01536294919305946,-0.9324769358416878,-3.934368423298315,-0.8054467129084684,-0.004733646915655431,0.015342860684292211,-1.1266079659259927,-4.759682653212117,-0.9343881988344869,0.8208791208791208,0.0,0.0,0.7851413292589764,0.0,0.0,7705.285714285715,309835.3623813714,4.814814814814815
14,bucket_topk8_ndrop3_risk0p95_day_open_tplus,execution_grid_alpha158_adj_xgb_1m_tplus_adjpx_20260413,697939b0b4194bee9daf0815a949f248,risk.excess_return_with_cost.annualized_return,-1.1273975150133033,8,3,bucket,open,day,True,0.95,2,-0.24769376644827912,0.5931557416915894,188,-0.003928567981509763,0.015138614803570663,-0.9349991795993237,-4.003470314810771,-0.803637952079769,-0.004736964348795392,0.015119838590994533,-1.1273975150133033,-4.833274262533061,-0.9339501027043613,0.8208791208791208,0.0,0.0,0.7851413292589764,0.0,0.0,7650.62962962963,306626.6340174435,4.814814814814815
13,bucket_topk8_ndrop3_risk0p9_day_open_tplus,execution_grid_alpha158_adj_xgb_1m_tplus_adjpx_20260413,e3a3ab0fc41c47f78c57e48fe0f0b1c9,risk.excess_return_with_cost.annualized_return,-1.1333833142439096,8,3,bucket,open,day,True,0.9,2,-0.2518559524159879,0.5931557416915894,188,-0.003965030455432402,0.014796487001667928,-0.9436772483929118,-4.134056321414624,-0.8063641333882557,-0.004762114765730713,0.014778544353275597,-1.1333833142439096,-4.971147813634029,-0.9356126198027882,0.8208791208791208,0.0,0.0,0.7851413292589764,0.0,0.0,7567.05291005291,301655.4459236521,4.814814814814815
17,equal_topk8_ndrop3_risk0p95_day_open_tplus,execution_grid_alpha158_adj_xgb_1m_tplus_adjpx_20260413,18d66d5e5718432aa9050eb869da2703,risk.excess_return_with_cost.annualized_return,-1.17055181446431,8,3,equal,open,day,True,0.95,2,-0.2770909856970283,0.5931557416915894,188,-0.004176441069162957,0.01343635301796388,-0.9939929744607837,-4.7952740328328245,-0.801188495634305,-0.004918284934723991,0.0133629434584216,-1.17055181446431,-5.678060728965551,-0.9173312612288401,0.779244189777361,0.0,0.0,0.7738146678235647,0.0,0.0,6525.756613756614,264377.93995380064,4.978835978835979
22,equal_topk8_ndrop5_risk0p9_day_open_tplus,execution_grid_alpha158_adj_xgb_1m_tplus_adjpx_20260413,eeeb795ccaab41f4bf7d1010712fa786,risk.excess_return_with_cost.annualized_return,-1.188299918717047,8,5,equal,open,day,True,0.9,2,-0.27021364828864625,0.5931557416915894,188,-0.004142789313797808,0.012682365985546713,-0.9859838566838783,-5.039425671780614,-0.7865113358026455,-0.00499285680133213,0.012601284618626815,-1.188299918717047,-6.112554833263188,-0.9302736994898585,0.7421399766365124,0.0,0.0,0.7426285620118558,0.0,0.0,7714.650793650793,311040.71701636794,7.592592592592593
18,equal_topk8_ndrop3_risk0p98_day_open_tplus,execution_grid_alpha158_adj_xgb_1m_tplus_adjpx_20260413,af086e93afcd40d8a3ed6ad63ec6bec1,risk.excess_return_with_cost.annualized_return,-1.1958289395868813,8,3,equal,open,day,True,0.98,2,-0.28987729034456844,0.5931557416915894,188,-0.004269839221926779,0.01355302372450005,-1.0162217348185734,-4.860308119089776,-0.7944906139989405,-0.005024491342802023,0.013486110926419886,-1.1958289395868813,-5.7476968386276415,-0.9365877341234746,0.7754162400689031,0.0,0.0,0.7697509309828797,0.0,0.0,6550.253968253968,263927.26800388104,5.015873015873016
16,equal_topk8_ndrop3_risk0p9_day_open_tplus,execution_grid_alpha158_adj_xgb_1m_tplus_adjpx_20260413,e17a769db1f7417baf0692dfe62d8078,risk.excess_return_with_cost.annualized_return,-1.20354282856357,8,3,equal,open,day,True,0.9,2,-0.296623728266298,0.5931557416915894,188,-0.004323303628572603,0.013392760993879526,-1.0289462636002795,-4.98005452128647,-0.8156829715634251,-0.005056902641023404,0.013359253122445227,-1.20354282856357,-5.839704778245988,-0.9423783631915097,0.7857218994221472,0.0,0.0,0.7801812329621514,0.0,0.0,6880.814814814815,258520.62158120514,4.957671957671957
23,equal_topk8_ndrop5_risk0p95_day_open_tplus,execution_grid_alpha158_adj_xgb_1m_tplus_adjpx_20260413,26d532cc8d14446fac991699096a9e9b,risk.excess_return_with_cost.annualized_return,-1.2528179303153961,8,5,equal,open,day,True,0.95,2,-0.30533472947486673,0.5931557416915894,188,-0.004398773329948253,0.01326741626917156,-1.0469080525276842,-5.1148594729934045,-0.8323210490095337,-0.005263940883678135,0.013187753596508138,-1.2528179303153961,-6.157843649568788,-0.9815085910532533,0.7349375648948331,0.0,0.0,0.7328038463433891,0.0,0.0,7592.10582010582,308849.86474847054,7.582010582010582
24,equal_topk8_ndrop5_risk0p98_day_open_tplus,execution_grid_alpha158_adj_xgb_1m_tplus_adjpx_20260413,93e3b17e633e4ac18d9da386165e5976,risk.excess_return_with_cost.annualized_return,-1.2685166704496647,8,5,equal,open,day,True,0.98,2,-0.31352705458569763,0.5931557416915894,188,-0.004460072756610249,0.012780684525567115,-1.0614973160732393,-5.383643665117154,-0.846757980486688,-0.005329901976679263,0.0126987661760595,-1.2685166704496647,-6.4750954366231,-0.9939752376304671,0.730007022185695,0.0,0.0,0.7284210988779396,0.0,0.0,7359.216931216931,309225.26714064466,7.560846560846561
